Title,Subtitle,Author,Format,Formats Owned
10% Happier,"How I Tamed the Voice in My Head, Reduced Stress Without Losing My Edge, and Found Self-Help ...",Dan Harris,"Kindle, Audible",2
1001 Drives You Must Experience Before You Die,,Darryl Sleath,Physical,1
101 Essays That Will Change The Way You Think,,Brianna Wiest,Audible,1
101 Things to Do Before You're Old and Boring,,Helen Szirtes,Physical,1
11.22.63,,Stephen King,"Kindle, Audible",2
12 Rules for Life,An Antidote to Chaos,Jordan B. Peterson,"Kindle, Audible",2
13 Things Mentally Strong People Don't Do,,Amy Morin,"Kindle, Audible",2
1Q84,The Complete Trilogy,Haruki Murakami,Kindle,1
"20,000 Days and Counting",The Crash Course for Mastering Your Life Right Now,Robert D. Smith,Physical,1
2032 - An Experimental Post-Apocalyptic Novel,,A.S. Anand,Kindle,1
2034,A Novel of the Next World War,Elliot Ackerman,Kindle,1
2054,A Novel,Elliot Ackerman,Kindle,1
21 Big Ideas That Will Change Your Life,Timeless Wisdom of the Greatest Minds in History,Darius Foroux,Kindle,1
222 QI Answers to Your Quite Ingenious Questions,More of Your Questions Answered by the QI Elves,QI Elves,Physical,1
25 Things You Need to Know About the Future,,Christopher Barnatt,Kindle,1
3,00 a.m. (Henry Bins Book 1),Nick Pirog,Kindle,1
3 Commando Brigade,,Ewen Southby-Tailyour,Physical,1
3 Days in June,3 Para's Battle for Mount Longdon,James O'Connell,Physical,1
3 LIES,A Masters CIA Thriller (The Masters CIA Thriller Series Book 1),Helen Hanson,Kindle,1
3 Para,,Patrick Bishop,Physical,1
365 Days With Self-Discipline,"365 Life-Altering Thoughts on Self-Control, Mental Resilience, and Success",Martin Meadows,Audible,1
4 Disciplines of Execution,,Sean Covey,Physical,1
4 Nicholas Colt Novels (A Colt Universe Collection Volume 1),,Jude Hardin,Kindle,1
4-Hour Body,,,Physical,1
42 Rules of Product Management (2nd Edition),"Learn the Rules of Product Management from Leading Experts ""from"" ...",Brian Lawley,Kindle,1
42 Rules of Product Marketing,Learn the Rules of Product Marketing from Leading Experts from around the World,Phil Burton,Kindle,1
48 Hours,A City of London Thriller J,Jackson Bentley,Kindle,1
48 Laws of Power,,Robert Greene,Audible,1
50 Big Ideas You Really Need to Know (50 Ideas) (Hardcover),,Ben Dupre,Physical,1
50 Walks in Worcestershire & Herefordshire,50 Walks of 2 to 10 Miles,AA Publishing,Physical,1
"61 Hours (Jack Reacher, Book 14)",,Lee Child,Kindle,1
66 Metres,"A chilling thriller that will keep you on the edge of your seat! (Nadia Laksheva Spy Thriller Series, Book 1)",J.F. Kirwan,Kindle,1
7 Deadly Thrills Michael,,Wallace,Kindle,1
7 Habits Of Highly Effective Families,,Stephen R. Covey,Physical,1
7 Simple Habits of Extraordinary Salespeople,,Michael Hannon,Kindle,1
7 Thoughts to Live Your Life By,"A Guide to the Happy, Peaceful, & Meaningful Life",I. C. Robledo,Audible,1
7 Thoughts to Live Your Life By,"A Guide to the Happy, Peaceful, & Meaningful Life (Master Your Mind,",Revolution.. I. C. Robledo,Kindle,1
802.11n,A Survival Guide: Wi-Fi Above 100 Mbps,Matthew S. Gast,Kindle,1
9 Killer Thrillers - 9 complete thriller novels,,Melissa F. Miller,Kindle,1
99 Habit Success Stories,"Proven Successful Habits of Everyday People, Authors, Entrepreneurs, Celebrities and Promin...",Michal Stawicki,Kindle,1
A Better Way to Live,Og Mandino's Own Personal Story of Success Featuring 17 Rules to Live By,Og Mandino,Physical,1
A Better World (The Brilliance Trilogy Book 2),,Marcus Sakev,Kindle,1
A Bitter Dying,"A Provocative Novel About Hostages, Paybacks & Murder",L.J. Sellers,Kindle,1
A Book of Secrets,Finding comfort in a complex world,Derren Brown,Kindle,1
A Brief Guide to Cloud Computing,An essential guide to the next computing revolution. (Brief Histories),Christopher Barnatt,Kindle,1
A Calendar of Wisdom,New Translation (Alma Classics),Leo Tolstoy,Kindle,1
A Colder War,A gripping spy action crime thriller from the Sunday Times Top 10 best selling author (Thomas Kell Spy Thriller Book 2),Charles Cumming,Kindle,1
A Complete and Utter Failure,"A Celebration of Also-Rans, Runners-Up, Never-Weres & Total Flops",Neil Steinberg,Physical,1
"A Dead Red Alibi (The Dead Red Mystery Series, Book 4)",,RP Dahlke,Kindle,1
A Departure,,Tom Ward,Kindle,1
A Divided Spy,A gripping espionage thriller from the master of the modern spy fiction novel (Thomas Kell Spy Thriller Book 3),Charles Cumming,Kindle,1
A Exam Cram (Discussion Paper),,J. Jones,Physical,1
A Foreign Country,"From the Sunday Times Top Ten bestselling author, a compelling spy action crime thriller you won't want to put down (Thomas Kell Spy Thriller Book 1)",Charles Cumming,Kindle,1
A Foreign Field,,Ben Macintyre,Physical,1
A Gentleman in Moscow,,Amor Towles,Audible,1
A Guide to the Good Life,The Ancient Art of,Stoic Joy,"Kindle, Audible",2
A History of Modern Britain,,Andrew Marr,Physical,1
A History of Western Philosophy in 500 Essential Quotations,,Lennox Johnson,Kindle,1
A Hole In the Sky,"Arkship Trilogy, Book 1",Peter F. Hamilton,Audible,1
A is for Alibi,A Kinsey Millhone Mystery (Kinsey Millhone Alphabet series Book 1),Sue Grafton,Kindle,1
"A Killer Thriller Collection - Eight The Hard Way (Mystery Thriller Suspense) Nick Stephenson, Ryan King, Kay Hadashi, Alan McDermott, Micheal Maxwell, R.S. Guthrie, Robert",,Swartwood,Kindle,1
A Killing Truth,A Leine Basso Thriller,D.V. Berkom,Kindle,1
A Little Happier,Notes for reassurance,Derren Brown,"Kindle, Audible",2
A Little History of the World (Little Histories),,E. H. Gombrich,Physical,1
A Manual for Living (Little Book of Wisdom (Harper San Francisco)),,Epictetus,Physical,1
A Moment in Berlin and Other Stories lan,,Hocking,Kindle,1
A More Complete Beast,,Jack Donovan,Physical,1
A New Stoicism,,Lawrence C. Becker,Physical,1
A Parade of Horribles,"Dungeon Crawler Carl, Book 8",Matt Dinniman,"Kindle, Audible",2
A Philosopher's Notes,"On Optimal Living, Creating an Authentically Awesome Life and Other Such Goodness, Vol. 1",Brian Johnson,Physical,1
A Prosecutor for the Defense (David Brunelle Legal Thriller Series Book 4),,Stephen Penner,Kindle,1
A Quantum Murder (Greg Mandel),,Peter F. Hamilton,Physical,1
A Rumor Of War,,Philip Caputo,Physical,1
A Short Book about Drawing,,Andrew Marr,Physical,1
A Short History of Europe,From Pericles to Putin,Simon Jenkins,Kindle,1
A Short History of the World in 50 Lies,,Natasha Tidd,Physical,1
A Short Walk in the Hindu Kush,,Eric Newby,Physical,1
A Short War and Peace,Journeys with and without a rifle,Simon Vincent,Kindle,1
A Spy Among Friends,Kim Philby and the Great Betrayal,Ben Macintyre,Physical,1
A Spy by Nature,A gripping novel of political espionage novel (Alec Milius Book 1),Charles Cumming,Kindle,1
A Tale of Two Cities (Collector's Library),,Charles Dickens,Physical,1
A Terminal Agenda,A Nick Severance suspense thriller (The Severance Series Book 1),Mark McKay,Kindle,1
A Thin Veil,Book 2 in the Adam Kaminski Mystery Series,Jane Gorman,Kindle,1
A Walk In The Woods,The World's Funniest Travel Writer Takes a Hike (Bryson Book 8),Bill Bryson,Kindle,1
"A Wanted Man (Jack Reacher, Book 17)",,Lee Child,Kindle,1
A World Without Email,Find Focus and Transform the Way You Work Forever (from the NYT bestselling productiv...,Cal Newport,"Kindle, Audible",2
A Year to Change Your Mind,Ideas from the Therapy Room to Help You Live Better,Lucy Maddox,"Kindle, Audible",2
A-Z London,,Geographers' A-Z Map Company,Physical,1
A.1. Apocalypse (Singularity Series Book 2),,William Hertling,Kindle,1
Abaddon's Gate,Book 3 of the Expanse (now a Prime Original series),James S. A. Corey,Kindle,1
Abandoned,(Toy Soldiers Book 3),Devon C. Ford,Kindle,1
Absolute DC,The New Frontier 15th Anniversary Edition,Darwyn Cooke,Physical,1
Accelerando,,Charles Stross,Kindle,1
Accounting for Non-Financial Professionals,A Practical Guide (Management Book 7),Sorin Dumitrascu,Kindle,1
Achieving Productivity,A Practical Guide,Sorin Dumitrascu,Kindle,1
Across an Angry Sea,,Cedric Delves,Audible,1
Act of Treason (The Mitch Rapp Series Book 7),,Vince Flynn,Kindle,1
Action Comics 840,,Geoff Johns,Physical,1
Adaptation,(Toy Soldiers Book 5),Devon C. Ford,Kindle,1
Adrian's Eagles (Life After War Book 2) Angela White,,,Kindle,1
AEON's War (#4),The Interplanetary Empire of Great Britain Series,Richard Toulouse,Kindle,1
"After The Ending (The Ending Series, #1)",A Post-Apocalyptic Romance,Lindsey Pogue,Kindle,1
After the Fall,(Surviving the EMP Book 2),Ryan Casey,Kindle,1
Afterlight,,Alex Scarrow,Kindle,1
Aftermath,(Toy Soldiers Book 2),Devon C. Ford,Kindle,1
Agent in Place (Gray Man Book 7),,Mark Greaney,Kindle,1
Agent of Time,A Time Travel Thriller (In Times Like These) Nathan,Van Coops,Kindle,1
Agent Running in the Field,A BBC 2 Between the Covers Book Club Pick John le,Carré,Kindle,1
Agent Sonya,From the bestselling author of The Spy and The Traitor,Ben Macintyre,Physical,1
Agent Zigzag,The True Wartime Story of Eddie Chapman: The Most Notorious Double Agent of World War II,Ben Macintyre,Physical,1
Agents of Influence,Britain's Secret Intelligence War Against the IRA,Aaron Edwards,Kindle,1
Aggressor. Nick Stone Thriller 7,,Andy McNab,Kindle,1
Airliner Down,An Aviation Thriller (Jack Lamburt Vigilante Justice Thriller series),John Etzil,Kindle,1
"Alas, Babylon",,Pat Frank,Physical,1
ALFRED ADLER,Five Book Collection: What Life Could Mean to You; The Pattern of Life; The Science of Living; Th...,Alfred Adler,Kindle,1
Algorithms to Live By,The Computer Science of Human Decisions,Brian Christian; Tom Griffiths,Audible,1
Alien Clay,,Adrian Tchaikovsky,Kindle,1
All Saints' Secrets (Saints Mustery Series Rook 2),,Nicole Loughan,Kindle,1
All Systems Red,The Murderbot Diaries,Martha Wells,"Kindle, Audible",2
All These Worlds,"Bobiverse, Book 3",Dennis E. Taylor,Audible,1
All These Worlds (Bobiverse Book 3),,Dennis Taylor,Kindle,1
ALPHA,A Black Flagged Thriller (The Black Flagged Series Book 1),Steven Konkoly,Kindle,1
Already Gone (A Laura Frost FBI Suspense Thriller-Book 1),,Blake Pierce,Kindle,1
Already Guilty,A C.T. Ferguson Private Investigator Mystery (The C.T. Ferguson Mystery Novels Book 4),Tom Fowler,Kindle,1
Altar of Resistance (World War Two Series Book 2),,Samuel Marquis,Kindle,1
Altered Carbon,Netflix Altered Carbon book 1 (Takeshi Kovacs),Richard Morgan,Kindle,1
America's Trust,,Murray McDonald,Kindle,1
American Assassin,(The Mitch Rapp Series),Vince Flynn,Kindle,1
American Housewife,,Helen Ellis,Kindle,1
American Kill Switch,(A novel of the End of Days: a cyberwar apocalypse),John Birmingham,Kindle,1
Among You,The Extraordinary True Story of a Soldier Broken by War,Jake Wood,Kindle,1
An Information Security Handbook (Computer Communications and Networks),,John M. Hunter,Physical,1
An Ordinary Soldier,,Doug Beattie,Physical,1
Anatomy for Runners,"Unlocking Your Athletic Potential for Health, Speed, and Injury Prevention",Jay Dicharry,Kindle,1
Ancillary Justice,"THE HUGO, NEBULA AND ARTHUR C. CLARKE AWARD WINNER (Imperial Radch Book 1)",Ann Leckie,Kindle,1
Andorra (After it Happened Book 7),,Devon C. Ford,Kindle,1
Angel With A Bullet (Dixie Flynn Mystery Series Book 1),,M.C. Grant,Kindle,1
Animal Farm,60th Anniversary edition,George Orwell,Physical,1
Annihilation,(Toy Soldiers Book Six),Devon C. Ford,Kindle,1
"Another Time, Another Place (Chronicles of St. Mary's Book 12)",,Jodi Taylor,Kindle,1
Any Job Will Do,A Space Opera Adventure (The Grand Human Empire Book 1),John Wilker,Kindle,1
Any Means Necessary Jack Mars 2 march 2016,,,Kindle,1
Anything You Want,40 Lessons for a New Kind of Entrepreneur,Derek Sivers,Kindle,1
Apache Dawn,Book I of the Wildfire Saga,Marcus Richardson,Kindle,1
APEX,A Black Flagged Thriller (The Black Flagged Series Book 3),Steven Konkoly,Kindle,1
Apex (The Nexus Trilogy Book 3),,Ramez Naam,Kindle,1
Apocalvose Roads,Book 2 Angela White,,Kindle,1
Apocalypse,A Zombie Survival Thriller (Toy Soldiers Book 1),Devon C. Ford,Kindle,1
ARC (New Earth Book 1),,Devon C. Ford,Kindle,1
Arc 1.1,"The Future Always Wins Paul Graham Raven, China Miéville, Alastair Reynolds, Hannu Rajaniemi, M.John Harrison, Stephen Baxter, Margaret Atwood, Sumit Paul-Choudhury,",,Kindle,1
"Arc 1.2 Post human conditions Nick Harkaway, Jeff VanderMeer, Frederik Pohl, Paul McAuley, T. D. Edge, P. D. Smith, Holly Gramazio, Anne Galloway, Sumit Paul-Choudhury,",,Simon,Kindle,1
Arc 1.3,"Afterparty Overdrive Nan Craig, David Gullen, Lavie Tidhar, Neal Stephenson, David Binder, Christina Agapakis, Samuel Arbesman, Tim Maughan, Sumit Paul-Choudhury,",,Kindle,1
Arc 1.4,"Forever alone drone Frank Swain, Madeline Ashby, Jack Womack, Bruce Sterling, Liz Jensen, Robert Reed, Kim",Stanley Robinson,Kindle,1
Are We Nearly There Yet?,"A Family's 8,000-Mile Car Journey Around Britain",Ben Hatch,Kindle,1
Areté,Activate Your Heroic Potential,Brian Johnson,"Kindle, Audible",2
"ARISEN, Box Set - Books 1-4| Glynn James, Michael",,Stephen Fuchs,Kindle,1
Ark,,Stephen Baxter,Kindle,1
Ark (Forward collection),(forward Collection) AMAZON ONLY,Veronica Roth,Kindle,1
Ark Angel (Alex Rider) (Bk. 6),,Anthony Horowitz,Physical,1
Armada,,Ernest Cline,Kindle,1
Artificial Condition,The Murderbot Diaries,Martha Wells,"Kindle, Audible",2
As a Man Thinketh,,James Allen,"Kindle, Audible",2
As We Know It,,Raimo Strangis,Audible,1
As We Think,"James Allen's Guide to the Power of Thought (PhilosoComics Book 2) Sam Torode, Alexander",Marchand,Kindle,1
Ash - A Thriller (Asher Benson Book 1),,Jason Brant,Kindle,1
Ashes of the Crown (#3),The Interplanetary Empire of Great Britain Series,Richard Toulouse,Kindle,1
Assert Yourself,A Self-help Assertiveness Programme for Men and Women,Gael Lindenfield,Physical,1
Assertiveness at Work,A Practical Guide to Handling Awkward Situations (Second Edition),Ken Back,Physical,1
AT LAST (An Alex Troutt Thriller Book 6) John W. Mettord 23 January 2020 Atomic Habits,The life-changing million-copy #1 bestseller,James Clear,Kindle,1
At Risk,(Liz Carlyle 1),Stella Rimington,Kindle,1
Atlanta Deathwatch (Hardman Book 1),,Ralph Dennis,Kindle,1
Atlantis Stolen (Sam Reilly Book 3),,Christopher Cartwright,Kindle,1
Atlas of Adventures,"A collection of natural wonders, exciting experiences and fun festivities from the four corners of the globe.",Lucy Letherland,Physical,1
Atomic Habits,the life-changing million-copy #1 bestseller,James Clear,"Physical, Audible",2
Attorney at Large,a page-turning legal thriller with twists you won't see coming. (Thaddeus Murfee Legal Thriller Serie...,John Ellsworth,Kindle,1
Attract + Convert,The Business Basics for Freelance Marketers,Rich Ux,Kindle,1
Aurora,,Kim Stanley Robinson,Kindle,1
Avogadro Corp,The Singularity Is Closer Than It Appears (Singularity Series Book 1),William Hertling,Kindle,1
Ax (87th Precinct Book 18),,Ed McBain,Kindle,1
B is for Burglar,A Kinsey Millhone Mystery (Kinsey Millhone Alphabet series Book 2),Sue Grafton,Kindle,1
Babylon's Ashes,Book 6 of the Expanse,James S.A. Corey,Kindle,1
Back Blast (#5),(Grey Man Series),Mark Greaney,Kindle,1
Back to Basics,A Complete Guide to Traditional Skills (Back to Basics Guides),Abigail Gehring,Physical,1
Bad Actors,The Instant #1 Sunday Times Bestseller,Mick Herron,Kindle,1
Bad Karma (The Criminally Insane Series Book 1),,Douglas Clegg,Kindle,1
"Bad Luck And Trouble (Jack Reacher, Book 11)",,Lee Child,Kindle,1
Ballistic,Gray Man Series,Mark Greaney,Kindle,1
Baltic Black Ops,An Action-Packed Spider Shepherd SAS Novel (Spider Shepherd: SAS Book 5),Stephen Leather,Kindle,1
Barefoot Running Step by Step,"Barefoot Ken Bob, the Guru of Shoeless Running, Shares His Personal Technique for Running with More Speed, Less Impact, Fewer Injuries and More Fun",Roy M. Wallack,Physical,1
Barefoot Soldier,A Story of Extreme Valour,beharry VC Johnson,Physical,1
Batman,,AJ Lieberman,Physical,1
Batman,Arkham Asylum Anniversary Edition,Grant Morrison,Physical,1
Batman,Dark Knight Returns,Frank Miller,Physical,1
Batman,Dark Victory,Jeph Loeb,Physical,1
Batman,Hush: v. 2,Jeph Loeb,Physical,1
Batman,Long Halloween (Batman),Jeph Loeb; Tim Sale,Physical,1
Batman,The Dark Knight Strikes Again,Frank Miller,Physical,1
Batman,The Killing Joke (Deluxe Edition),Alan Moore,Physical,1
Batman,v. 2,Jeph Loeb,Physical,1
Batman,Year One,Frank Miller,Physical,1
Battle Earth Nick s.,,Thomas,Kindle,1
Be Mine (Tom Reed Series Book 5),,Rick Mofina,Kindle,1
Be More Human,"How to transform your lifestyle for optimum health, happiness and vitality",Tony Riddle,Kindle,1
Be PARA Fit,The 4-Week Formula for Elite Physical Fitness,Sam McGrath,Physical,1
Bear Head,,Adrian Tchaikovsky,Audible,1
Becoming a Barbarian,,Jack Donovan,Physical,1
Becoming Bulletproof,Life Lessons from a Secret Service Agent,Evy Poumpouras,"Kindle, Audible",2
BEFORE HE KILLS AGAIN,(Detective Cassie Rowan Book 1),MARGARET MURPHY,Kindle,1
Before He Sees (A Mackenzie White Mystery-Book 2),,Blake Pierce,Kindle,1
Behind the Mask,Winner of the Telegraph Sports Book of the Year,Tyson Fury,Kindle,1
Berlin,The Downfall 1945,Antony Beevor,Physical,1
Betrayal,,Tim Tigner,Kindle,1
Beyond a Reasonable Death,A page-turning legal thriller (Thaddeus Murfee Legal Thriller Series Book 2),John Ellsworth,Kindle,1
Beyond Evidence (Patrick McLaughlin Book 1) Emma,,L Clapperton,Kindle,1
Beyond Good and Evil (Penguin Classics),,Friedrich Nietzsche,Physical,1
Beyond The Law,Formation,Tom Benson,Kindle,1
beyond thoughts,(Beyond Suffering Book 2) | Joseph Nguyen,Joseph Nguyen,Kindle,1
Big Numbers Austin Carr Mystery Book 1),,Jack Getze,Kindle,1
Birthday Girl (Stephen Leather Novels Book 6),,Stephen Leather,Kindle,1
Bishop's Honor,A Post-Apocalyptic Survival Thriller Series (Surrender the Sun Book 1),A. R. Shaw,Kindle,1
Bitter Roots,Police Procedural Mysteries,C. J. Carmichael,Kindle,1
Black Box Thinking,"The Surprising Truth About Success Matthew Syed, Matthew Syed",Consulting Ltd,Kindle,1
Black Hole Focus,How intelligent People Can Create a Powerful Purpose for Their Lives,Isaiah Hankel,Kindle,1
Black Ops,"Expeditionary Force, Book 4",Craig Alanson,Audible,1
Black Ops (Expeditionary Force Book 4),,Craig Alanson,Kindle,1
Black Sands,,Carl Goodman,Kindle,1
Black Violet (A Michael Violet Thriller Book 1),,Alex Hyland,Kindle,1
"Blackest Night. Geoff Johns, Writer",,Geoff Johns,Physical,1
Blackhawks #2,,Mike Costa,Physical,1
Blackstone's Preparing for Police Duty,,Phil Hardy,Physical,1
Blind Run Patricia Lewin 11 September 2017 Alexa,Funniest Things To Ask Alexa,Jeff Thompson,Kindle,1
Blindsided (A Thriller),,Jay Giles,Kindle,1
Blood and Justice,A Private Investigator Serial Killer Mystery (A Jake & Annie Lincoln Thriller Book 1),Rayven T. Hill,Kindle,1
Blood Bath,Seven Jack Nightingale Short Stories (Jack Nightingale short story Book 2),Stephen Leather,Kindle,1
Blood Line,A Granger Spy Novel,John J. Davis,Kindle,1
Bloody Heroes,,Damien Lewis,Kindle,1
Blowback,,Chalmers Johnson,Physical,1
Blue Fire (The Misadventures of Max Bowman Book 2),,Joel Canfield,Kindle,1
Blue Mars (Mars Trilogy Book 3) Kim,,Stanley Robinson,Kindle,1
Blue Molly (Danny Logan Mystery #5),,M.v. Grayson,Kindle,1
Bode's Deadbone Erotica Vol. 2,,Vaughn Bodé,Physical,1
Bode's Erotica,v. 3,Vaughn Bodé,Physical,1
Bone Pit (The Gina Mazzio Series Book 3) Bette Golden,,Lamb,Kindle,1
Borderline (Lassiter/Martinez Case Files Book 1),,Joseph Badal,Kindle,1
Born to Fight (A Post-Apocalyptic EMP Thriller),,Jay J. Falconer,Kindle,1
Boundaries = Freedom,(Beyond Suffering Book 3),Joseph Nguyen,Kindle,1
BOX 88,"From the Top 10 Sunday Times best selling author comes a new spy action crime thriller (BOX 88, Book 1)",Charles Cumming,Kindle,1
Brainrush (Brainrush Series Book 1),,Richard Bard,Kindle,1
"Brass Monkey (A James Acton Thriller, Book #2) (James Acton Thrillers) J",,Robert Kennedy,Kindle,1
Brave New War,The Next Stage of Terrorism and the End of Globalization,John Robb,Physical,1
Brave New World,,Aldous Introduction by David Bradshaw Huxley,Physical,1
Break Point,SAS: Who Dares Wins Host's Incredible True Story,Ollie Ollerton,Kindle,1
Breaking Cover,A Liz Carlyle Novel (Liz Carlyle Novels Book 9),Stella Rimington,Kindle,1
Breakthrough,,Michael C. Grumley,Kindle,1
Brian Helsing,The World's Unlikeliest Vampire Hunter: Mission #1: Just Try Not To Die Gareth,K Pengelly,Kindle,1
Brilliance (The Brilliance Trilogy Book 1),,Marcus Sakey,Kindle,1
Brilliant NLP,"What the most successful people know, do and say (Brilliant Business)",David Molden,Physical,1
Bring Me The Head Of The Taskmaster,,Alex Horne,Physical,1
Broadway Books The Martian (Mass Market MTI),A Novel,Andy Weir,Physical,1
Broken Angels,Netflix Altered Carbon book 2 (Takeshi Kovacs),Richard Morgan,Kindle,1
"Broken Dove (A James Acton Thriller, Book #3) (James Acton Thrillers) J.",,Robert Kennedy,Kindle,1
Brute Force,(Nick Stone Thriller 11),Andy McNab,Kindle,1
Building a Second Brain,,,Physical,1
Building Better Work Relationships (Essential Book 4),A Practical Guide,Sorin Dumitrascu,Kindle,1
Building Empires (MidKnight Blue Book 1),,Sherryl Hancock,Kindle,1
"BUM RAP (Lassiter, Solomon & Lord Legal Thrillers Book 1) PAUL LEVINE",,,Kindle,1
Burial Ground,A Novel,Michael McBride,Kindle,1
Burned (Shenandoah Shadows Book 1),,Melissa F. Miller,Kindle,1
Business Etiquette,A Practical Guide,Sorin Dumitrascu,Kindle,1
Business Notes,Writing Personal Notes That Build Professional Relationships,Florence Isaacs,Physical,1
Business Without the Bullsh*t,49 Secrets and Shortcuts You Need to Know,Geoffrey James,Physical,1
Butcher Rising,(Book Two of The After War Series),Brandon Vonner,Kindle,1
Butcher Rising,(Book Two of The After War Series),Brandon Lenner,Kindle,1
C is for Corpse (Kinsey Millhone Alphabet series Book 3),,Sue Grafton,Kindle,1
C. Q. B,Close Quarter Battle,Mike Curtis,Physical,1
Cage of Souls,Shortlisted for the Arthur C. Clarke Award 2020,Adrian Tchaikovsky,Kindle,1
"Cal Rogan Mysteries, Books 4, 5 & 6 (Box Set)",,Robert P. French,Kindle,1
Caliban's War,Book 2 of the Expanse (now a Prime Oriqinal series)| James s.,A. Corey,Kindle,1
Callings,The Purpose and Passion of Work (A StoryCorps Book),Dave Isay,Physical,1
Can't Hurt Me,Master Your Mind and Defy the Odds,David Goggins,"Kindle, Audible",2
Capitol break. A Chris collins Thriller,,David F. Berens,Kindle,1
Captive State,The Corporate Takeover of Britain,George Monbiot,Physical,1
CareerKred,4 Simple Steps to Build Your Digital Brand and Boost Credibility in Your Career,Ryan Rhoten,Kindle,1
Cargo,A Leine Basso Thriller,D.V. Berkom,Kindle,1
Carl's Doomsday Scenario,Dungeon Crawler Carl Book 2,Matt Dinniman,"Kindle, Audible",2
Casket Girls,A New Orleans Mystery Thriller (Herbert and Melancon Book 4),Seth Pevey,Kindle,1
Catch 22,,Joseph Heller,Audible,1
Catching Fire (The Hunger Games 2),,Suzanne Collins,Kindle,1
Cause of Death (The Time Bubble Series Book 12),,Jason Ayres,Kindle,1
Cause to Kill (An Avery Black Mystery-Book 1),,Riake Pierro,Kindle,1
CC Certified in Cybersecurity,All-in-One Exam Guide,Steven Bennett,Kindle,1
"CCNA INTRO Exam Certification Guide (CCNA Self-Study, 640-821, 640-801)",,Wendell Odom,Physical,1
Ccna Portable Command Guide,,Scott D. Empson,Physical,1
Certain Justice (A Marc Kadella Legal Mystery Book 4),,Dennis Carstens,Kindle,1
Chameleon,A City of London Thriller J,Jackson Bentley,Kindle,1
"Change, bring it on!",,Keely Nugent,Kindle,1
Chaser (Jack Daniels Book 18) J.A. Konrath,,,Kindle,1
"Chasing Ivan. (Kyle Achilles, Prequel Novella) Tim Tigner 25 march 2016",,,Kindle,1
Cheech Wizard Vol 2 TP,,Vaughn Bodé,Physical,1
CHICKENHAWK,,Robert Mason,"Physical, Kindle",2
Children of Memory,(The Children of Time Novels Book 3),Adrian Tchaikovsky,Kindle,1
Children of Ruin,"Children of Time, Book 2",Adrian Tchaikovsky,Audible,1
Children of Time,"Children of Time, Book 1",Adrian Tchaikovsky,Audible,1
Chinese Takeout Cookbook,Favorite Chinese Takeout Recipes to Make at Home,Lina Chang,Kindle,1
Chirunning,"A Revolutionary Approach to Effortless, Injury-Free Running",Danny Dreyer,Physical,1
Choice of Weapon - An Action Adventure Thriller,A Garrett Storm Thriller (Garrett & Petrus Action Packed Thrillers Boo...,C Marten-Zerf,Kindle,1
Choose Yourself!,,James Altucher,Kindle,1
Chris Ryan Extreme,Night Strike: The second book in the gritty Extreme series,Chris Ryan,Kindle,1
Cibola Burn,Book 4 of the Expanse (now a Prime Original series),James S. A. Corey,Kindle,1
City Atlas,Discover the Personality of the World's Best-Loved Cities in This Illustrated Book of Maps,Martin Haake,Physical,1
Class of '92 (The Time Bubble Series Book 5),,Jason Ayres,Kindle,1
Clean Kill (Bloodline Book 1),,Adam Nicholls,Kindle,1
Clear and Present Danger,A classic Jack Ryan thriller from international bestseller Tom Clancy,Tom Clancy,Kindle,1
Close Call,A Liz Carlyle Novel (Liz Carlyle Novels Book 8),Stella Rimington,Kindle,1
Close Your Eyes,A Suspenseful Thriller (Martin Rhodes Book 1),Thomas Fincham,Kindle,1
Closing Time,,Joseph Heller,Physical,1
Closing Time (The Time Bubble Series Book 15),,Jason Ayres,Kindle,1
Closure,A Vigilante Justice FBI Thriller (Jack Randall Book 1),Randall Wood,Kindle,1
Clown Town,The Thriller for Our Chaotic Times (Slough House Thriller 9),Mick Herron,Kindle,1
Coastal Fury Boxset (1-3),,Matt Lincoln,Kindle,1
Code Name,"Camelot - An Action Thriller Novel (A Noah Wolf Novel, Thriller, Action, Mystery Book 1)",David Archer,Kindle,1
Code Name,MK-ULTRA: A CIA Cold War Spy Thriller,R.A. Harris,Kindle,1
Cold Blood,(Nick Stone Thriller 18),Andy McNab,Kindle,1
Cold Blood (John Jordan Mysteries Book 12),,Michael Lister,Kindle,1
Cold Blooded,A Thriller,Matt Cairns,Kindle,1
Cold Kill,The Third Spider Shepherd Thriller,Stephen Leather,Kindle,1
Cold Press,A Gripping British Mystery Thriller - Anna Burgin Book 1 (Anna Burgin British Mystery Thrillers),David Bradwell,Kindle,1
"Cold Solar - A Dark and Gritty Sci-Fi Action Thriller (The Inner Solar War Book 1)| Anthony Robinson, M",,Robinson M.S.,Kindle,1
Cold War Navy SEAL,"My Story of Che Guevara, War in the Congo, and the Communist Threat in Africa",James M. Hawes,Kindle,1
Colditz,Prisoners of the Castle,Ben Macintyre,Physical,1
Collapse,How Societies Choose to Fail or Survive,Jared Diamond,Kindle,1
Collapse (#1),The Interplanetary Empire of Great Britain Series,Richard Toulouse,Kindle,1
collins complete d i y manual,,Albert Jackson; David Day,Physical,1
Collins Complete DIY Manual,,Albert Jackson,Physical,1
Collins Spanish School Dictionary,,Mike Gonzalez,Physical,1
Color of Blood (A Dennis Cunningham thriller Book 1),,Keith Yocum,Kindle,1
Columbus Day,"Expeditionary Force, Book 1",Craig Alanson,Audible,1
Columbus Day (Expeditionary Force Book 1),,Craig Alanson,Kindle,1
Combat,Armed and Unarmed Combat Skills from Official Training Manuals,Len Cacutt,Physical,1
Coming Dawn,(Devin Gray Book 2),Steven Konkoly,Kindle,1
Commando Despatch Rider,"From D-Day to Deutschland, 1944-45",Raymond Mitchell,Kindle,1
Communicating Across Cultures,A Practical Guide (Skills Book 2) Sorin Dumitrascu,Sorin Dumitrascul,Kindle,1
Communicating Effectively with Senior Executives,A Practical Guide (Productivity Book 4),Sorin Dumitrascu,Kindle,1
Communication Skills Training,"A Practical Guide to Improving Your Social Intelligence, Presentation, Persuasion and Public Speaking: Positive Psychology Coaching Series, Book 9",Ian Tuhovsky,Audible,1
Communication Skills Training,"How to Talk to Anyone, Connect Effortlessly, Develop Charisma, and Become a Pe...",James W. Williams,Kindle,1
Comp TIA Server Exam Cram 2,,Charles J. Brooks,Physical,1
Complete Hackers Handbook PB,,Dr K.,Physical,1
Compromised,,Derek Keyte,Kindle,1
Computer Security,Businesses at Risk,R.R.C. Penfold,Physical,1
Concise 48 Laws of Power,,Robert Greene,Physical,1
Concise Art of Seduction,,Robert Greene,Physical,1
Concise Laws Of Human Nature,,Robert Greene,Physical,1
Confident Cyber Security,How to Get Started in Cyber Security and Futureproof Your Career (Confident Series),Jessica Barker,Physical,1
Congo,A fast-paced thriller from the new master of horror (World's Scariest Places Book 7),Jeremy Bates,Kindle,1
Consent to Kill (The Mitch Rapp Series Book 6),,Vince Flynn,Kindle,1
Consider Phlebas,(Culture series Book 1),lain M. Banks,Kindle,1
Consultative Selling,The Hanan Formula for High-Margin Sales at High Levels Mack HANAN,,Kindle,1
Containment,,Christian Cantrell,Kindle,1
Cooch (The Cooch series of national security thrillers Book 1),,,Kindle,1
Cool Camping Wales,A Hand Picked Selection of Exceptional Campsites and Camping Experiences,Jonathan Knight,Physical,1
Corridor Man Volumes 1-3,,Mike Faricy,Kindle,1
Cost Consciousness in the Workplace,A Practical Guide (Management Book 10) Sorin Dumitrascu,Sorin Dumitrascul,Kindle,1
Count Zero,,William Gibson,Physical,1
Countdown to Zero Day,Stuxnet and the Launch of the World's First Digital Weapon,Kim Zetter,Physical,1
Courage Is Calling,Fortune Favors the Brave (The Stoic Virtues Series),Ryan Holiday,"Physical, Kindle, Audible",3
Cracking the PM Interview,How to Land a Product Manager Job in Technology (Cracking the Interview & Career) Gayle,Laakmann McDowell,Kindle,1
Creating a Positive Atmosphere,A Practical Guide (Career Book 7),Sorin Dumitrascu,Kindle,1
Crisis Four,(Nick Stone Thriller 2),Andy McNab,Kindle,1
Critical Thinking Essentials,A Practical Guide,Sorin Dumitrascu,Kindle,1
Critical Vulnerability (An Aroostine Higgins Novel Book 1),,Melissa F. Miller,Kindle,1
Crocodile Tears (Alex Rider),,Anthony Horowitz,Physical,1
Crossfire,(Nick Stone Thriller 10),Andy McNab,Kindle,1
"Crossing the Chasm, 3rd Edition",Marketing and Selling Disruptive Products to Mainstream Customers (Collins Business Essentials),Geoffrey A. Moore,Physical,1
Cruising for Death. Kate Jones Thriller #2,,DV Berkom,Kindle,1
Crux (Nexus Book 2),,Ramez Naam,Kindle,1
Curious George at the Beach H. A. Key. Margaret Key,,,Kindle,1
Customer Focus,A Practical Guide (Business) S,Sorin Dumitrascu,Kindle,1
CWAP Certified Wireless Analysis Professional Official Study Guide,Exam PW0-270,David A. Westcott,Kindle,1
CWDP Certified Wireless Design Professional Official Study Guide,"Exam PWO-250 Shawn M. Jackman, Matt Swartz, Marcus Burton, Thomas W. Head",,Kindle,1
CWNA,Certified Wireless Network Administrator Official Study Guide: Exam PWO-105,David D. Coleman,Kindle,1
CWSP Certified Wireless Security Professional Official Study Guide,Exam PW0-204,David D. Coleman,Kindle,1
CWTS,Certified Wireless Technology Specialist Official Study Guide: Exam PW0-070,Robert J. Bartz,Kindle,1
Cyberabad Days,,lan Mcdonald,Kindle,1
Cybersecurity for Beginners,,Raef Meeuwisse,"Kindle, Audible",2
"Cybersecurity For Dummies, 2nd Edition (For Dummies (Computer/Tech))",,Joseph Steinberg,Physical,1
Cybershock,"Surviving Hackers, Phreakers, Identity Thieves, Internet Terrorists and Weapons of Mass Disruption",Winn Schwartau,Physical,1
D is for Deadbeat,A Kinsey Millhone Mystery (Kinsey Millhone Alphabet series Book 4),Sue Grafton,Kindle,1
D is for Digital,,Brian Kernighan,Kindle,1
Daemon Daniel,,Suarez,Kindle,1
Daily Reflections for Highly Effective People,Living the 7 Habits of Highly Effective People Every Day,Stephen R. Covey,Physical,1
"Dangerous Desires (A Boxed Set)| C J Lyons, Debra Webb, Vicki",,Hinze,Kindle,1
Dark Age,,Pierce Brown,Audible,1
Dark Age (#5),Red Rising Series,Pierce Brown,Kindle,1
Dark Cure,Trident Force Thriller series Book 1,Cameron K. Moore,Kindle,1
Dark Heart (Detective Charlie Cooper Mysteries Book 1),,Catherine Lee,Kindle,1
Dark Paradise (Detective Charlie Cooper Mysteries),,Catherine Lee,Kindle,1
Dark Sky (The Misadventures of Max Bowman Book 1),,Joel Canfield,Kindle,1
Dark Territory,The Secret History of Cyber War,Fred Kaplan,Physical,1
Dark Water,A Ryan Weller Thriller: Book 1,Evan Graver,Kindle,1
Dark Waters,A Deborah Jones Thriller (Deborah Jones Crime Thriller Series Book 2,J.B. Turner,Kindle,1
Dark Winter,(Nick Stone Thriller 6),Andy McNab,Kindle,1
Data Center Networks and Fibre Channel over Ethernet (FCoE),,Silvano Gai,Physical,1
Day One,Junos for IOS Engineers (Junos Fundamentals Book 8),Chris Jones,Kindle,1
Days of Panic,A Post-Apocalyptic EMP Survival Thriller (EMP Survival Series Book 1) Jack Hunt,,Kindle,1
Dead Centre,(Nick Stone Thriller 14),Andy McNab,Kindle,1
Dead Drop,A Spider Shepherd short story (Dan Shepherd series Book 13),Stephen Leather,Kindle,1
Dead Eye (#4),(Grey Man Series),Mark Greaney,Kindle,1
Dead Line,Nail-biting espionage thriller from ex-Head of MI5 (Liz Carlyle Book 4),Stella Rimington,Kindle,1
Dead Lions,Slough House Thriller 2,Mick Herron,Kindle,1
Dead Men,The Fifth Spider Shepherd Thriller,Stephen Leather,Kindle,1
Dead Men Risen,The Welsh Guards and the Real Story of Britain's War in Afghanistan,Toby Harnden,Kindle,1
Deadlocked (Lou Mason Thrillers Book 4),,Joel Goldman,Kindle,1
Deadly Crossing,An Intense Read (The Tom Dugan Thrillers),R.E. McDermott,Kindle,1
Deadly Secrets,A Police Procedural Cozy Blend (Mapleton Mystery Book 1),Terry Odell,Kindle,1
Deadly Straits,An Intense Read (The Tom Dugan Thrillers),R.E. McDermott,Kindle,1
Deal Management,The Hidden Reasons Sales Stall and the Evidence-Based System to Win More,David Weiss,Kindle,1
Death in the Beginning (The God Tools Book 1),,Gary Williams,Kindle,1
Death Ship (Danforth Saga Book 5),,Joseph Badal,Kindle,1
Death Toll Rising - America is under attack..,"David Porter Mystery #4 (An international political crime thriller) Terry Keys,",Susan Hughes,Kindle,1
Death's End (The Three-Body Problem Book 3),,,Kindle,1
Debt of Fear,A Logan Falcone Thriller Michael,Reid Jr,Kindle,1
Debt of Honor,Prepare for a thrilling read in this unforgettable Jack Ryan adventure,Tom Clancy,Kindle,1
Deep Sleep,(Devin Gray Book 1),Steven Konkoly,Kindle,1
Deep Work,Rules for Focused Success in a Distracted World,Cal Newport,"Kindle, Audible",2
Defending Turquoise,A gripping legal thriller (Thaddeus Murfee Legal Thriller Series Book 5),John Ellsworth,Kindle,1
Delayed Justice (A Marc Kadella Legal Mystery Book 6),,Dennis Carstens,Kindle,1
Derbyshire & Peak District Dog Frien Wal,,Peter Naldrett,Physical,1
Desert God,The gripping Sunday Times bestselling historical action adventure novel (The Egyptian Series Book 5),Wilbur Smith,Kindle,1
Desert War,,Mike Moore,Physical,1
Design Your Work,Praxis Volume 1,Tiago Forte,Kindle,1
Designing Your Life,For Fans of Atomic Habits,Bill Burnett,"Kindle, Audible",2
Designing Your New Work Life,How to Thrive and Change and Find Happiness--and a New Freedom--at Work,Bill Burnett,Physical,1
Desolation Run,,James Snyder,Kindle,1
Desperate Justice (A Marc Kadella Legal Mystery Book 2),,Dennis Carstens,Kindle,1
Detonator,(Nick Stone Thriller 17),Andy McNab,Kindle,1
Developing a Culture of Learning,A Practical Guide (Productivity Book 9),Sorin Dumitrascu,Kindle,1
Developing a High-performance Organization,A Practical Guide (Skills Book 6) Sorin Dumitrascu,Sorin Dumitrascul,Kindle,1
Developing Effective Negotiation Skills,A Practical Guide (Management Book 8) Sorin Dumitrascu,Sorin Dumitrascul,Kindle,1
Developing Strategic Thinking Skills,A Practical Guide,Sorin Dumitrascu,Kindle,1
Developing Your Critical Thinking Skills,A Practical Guide (Management Book 3)| Sorin Dumitrascu,Sorin Dumitrascul,Kindle,1
Diary of an Awesome Friendly Kid,Rowley Jefferson's Journal (Rowley Jefferson's Awesome Friendly Adventure B...,Jeff Kinney,Kindle,1
Diaspora,"The dark, post-apocalyptic thriller perfect for fans of BLACK MIRROR and Philip K. Dick",Greg Egan,"Kindle, Audible",2
"Die Trying (Jack Reacher, Book 2)",,Lee Child,Kindle,1
Digital Divide (Rachel Peng Book 1),,K.B. Spangler,Kindle,1
Digital Minimalism,Choosing a Focused Life in a Noisy World,Cal Newport,"Kindle, Audible",2
Digital Zettelkasten,"Principles, Methods, &amp; Examples",David Kadavy,Kindle,1
Dirty Business (The Acer Sansom Novels Book 1),,Oliver Tidy,Kindle,1
Discipline Is Destiny,The Power of Self-Control,Ryan Holiday,"Physical, Kindle, Audible",3
Discover Your Sales Strengths (Gallup),,Tony Rutigliano,Physical,1
Discovering Your Strengths,A Practical Guide (Skills Book 3) Sorin Dumitrascu,Sorin Dumitrascul,Kindle,1
Dismissing an Employee,A Practical Guide (Success Book 9),Sorin Dumitrascu,Kindle,1
Dispatches,,Michael Herr,Physical,1
DISPATCHES,A Post-Apocalyptic Survival Thriller (Alex Fletcher Book 5),Steven Konkoly,Kindle,1
Dissertation Skills for Business and Management Students,,Brian White,Physical,1
Diversity on the Job,A Practical Guide (Skills Book 10),Sorin Dumitrascul,Kindle,1
Divide & Conquer,,Murray McDonald,Kindle,1
Divided,Why We're Living in an Age of Walls,Tim Marshal,Kindle,1
DNS,The Internet's Control Plane,Enrique Somoza,Kindle,1
Do Hard Things,Why We Get Resilience Wrong and the Surprising Science of Real Toughness,Steve Magness,Physical,1
Do the Work,"The Official Unrepentant, Ass-Kicking, No-Kidding, Change-Your-Life Sidekick to Unf*ck Yourself",Steven Pressfield,"Kindle, Audible",2
Dog Friendly Tea Room & Cafe Walks - Lake District,,Seddon Neudorfer,Physical,1
Doing Business Professionally,A Practical Guide,Sorin Dumitrascu,Kindle,1
Don't Believe Everything You Think,Why Your Thinking Is The Beginning & End Of Suffering,Joseph Nguyen,Kindle,1
Don't Go There,From Chernobyl to North Korea—one man's quest to lose himself and find everyone else in the w...,Adam Fletcher,Kindle,1
Don't Sweat the Small Stuff,Simple Ways to Keep the Little Things from Taking Over Your Life,Richard Carlson,Kindle,1
Don't Trust Me (Hamlet Book 1) Jessica Lynch 26 February 2019 Shattered Triangle,,William P. Messenger,Kindle,1
Double Agent,From the bestselling author of Secret Service,Tom Bradby,Kindle,1
Double Cross,The True Story of The D-Day Spies,Ben Macintyre,Physical,1
Down Cemetery Road,Zoe Boehm Thrillers 1,Mick Herron,Kindle,1
Dragonfired,(The Dark Profit Saga),J. Zachary Pike,"Kindle, Audible",2
Drive USA,,Andrew Vincent,Physical,1
Drop Zone,An Action-Packed Spider Shepherd SAS Novella (Spider Shepherd: SAS Book 3),Stephen Leather,Kindle,1
Dungeon Crawler Carl,Dungeon Crawler Carl Book 1,Matt Dinniman,"Kindle, Audible",2
Dust,Book 3 of Silo (Wool Trilogy Series),Hugh Howey,"Kindle, Audible",2
Dust to Dust,Deconstruction Book One (A Post-Apocalvotic Thriller),Rashad Freeman,Kindle,1
Dusty Warriors,Modern Soldiers at War,Richard Holmes,Physical,1
Déjà Vu (The Saskia Brandt Series Book One) lan,,Hocking,Kindle,1
E is for Evidence (Kinsey Millhone Alphabet series Book 5),,Sue Grafton,Kindle,1
Eagle Strike (Alex Rider),,Anthony Horowitz,Physical,1
Earth,,David Brin,Physical,1
Earth Abides (S.F. MASTERWORKS),,George. R. Stewart,Physical,1
Echo Boy,,Matt Haig,Audible,1
"Echo Burning (Jack Reacher, Book 5)",,,Kindle,1
Eden Rising (Eden Rising Post-Apocalyptic Series Book 1),,Andrew Cunningham,Kindle,1
Effective Business Meetings (Management Book 1),A Practical Guide,Sorin Dumitrascu,Kindle,1
Effective Teamwork (Skills Book 8),A Practical Guide,Sorin Dumitrascu,Kindle,1
Effortless,Make It Easier to Do What Matters Most,Greg McKeown,"Kindle, Audible",2
Ego Is the Enemy,"The Fight to Master Our Greatest Opponent (The Way, the Enemy and the Key)",Ryan Holiday,"Physical, Kindle",2
Emergency,This Book Will Save Your Life,Neil Strauss,Physical,1
Emergency Skin (Forward collection),(forward Collection) AMAZON ONLY,N. K. Jemisin,Kindle,1
Emotional Intelligence,Why It Can Matter More Than IQ,Daniel Goleman,Physical,1
Emotional Intelligence Essentials,A Practical Guide Sorin Dumitrascu,Sorin Dumitrascul,Kindle,1
Emotional Intelligence for Sales Success,Connect with Customers and Get Results,Colleen Stanley,Audible,1
EMP,,Wilson Harp,Kindle,1
Empire of the,,Sun J. G. Ballard,Kindle,1
Empire of the Sun,,J. G. Ballard,Audible,1
Ender's Game,Book 1 of the Ender Saga (The Ender Quartet series) | Orson,Scott Card,Kindle,1
Enneagram Transformations,Releases and Affirmations for Healing Your Personality Type,Don Richard Riso,Kindle,1
Eruption,,James Patterson,Kindle,1
"Escape, A New Life",,David Antocci,Kindle,1
Essential Manager's Manual,,Robert Heller,Physical,1
Essential Mentoring Techniques,A Practical Guide (Skills Book 7) Sorin Dumitrascu,Sorin Dumitrascul,Kindle,1
Essential Selling Skills,A Practical Guide (Productivity Book 3) Sorin Dumitrascu,Sorin Dumitrascul,Kindle,1
Essential Skills for Administrative Support Professionals,A Practical Guide,Sorin Dumitrascu,Kindle,1
Essentialism,The Disciplined Pursuit of Less,Greg Mckeown,"Kindle, Audible",2
Essentials of Interviewing and Hiring (Career Book 2),A Practical Guide,Sorin Dumitrascu,Kindle,1
Ethan Justice,Origins,Simon Jenner,Kindle,1
EVENT HORIZON,A Post-Apocalyptic Survival Thriller (Alex Fletcher Book 3)| steven,Konkoly,Kindle,1
Everyday Bias,Identifying and Navigating Unconscious Judgments in Our Daily Lives,,Kindle,1
Everything Is F*cked,A Book about Hope,Mark Manson,"Physical, Kindle, Audible",3
Exactly What to Say,The Magic Words for Influence and Impact,Phil M. Jones,Audible,1
Excession (Culture Book 4) lain M. banks,,,Kindle,1
Execution of Justice,Covert Ops Military Assassination Thriller,Patrick Dent,Kindle,1
Executive Orders,Do not miss this edge-of-your-seat Tom Clancy thriller (Jack Ryan Book 7),Tom Clancy,Kindle,1
Executive Power (#4),(Mitch Rapp Series),Vince Flynn,Kindle,1
Exile Hunter (Kamas Trilogy Book 3),,Preston Fleming,Kindle,1
Exit Strategy,The Murderbot Diaries,Martha Wells,"Kindle, Audible",2
Exit Strategy (Katerina Carter Fraud Thriller Series Book 1),,Colleen Cross,Kindle,1
Exit Wound. Nick Stone Thriller 12),,Andy McNab,Kindle,1
Exodus (The Exodus Trilogy Book 1),,Andreas Christensen,Kindle,1
Extend Your Mind,Praxis Volume 2,Tiago Forte,Kindle,1
Extraordinary Retribution (INTEL 1 Book 2),,Erec Stebbins,Kindle,1
Eye of the Storm,25 Years in Action with the SAS,Peter Ratcliffe,Physical,1
Eyes of the Hammer,The Green Berets: Dave Riley #1,Bob Maveri,Kindle,1
Eyes Pried Open,Rookie FBI Agent,Vincent Sellers,Kindle,1
F is for Fugitive (Kinsey Millhone Alphabet series Book 6),,Sue Grafton,Kindle,1
Facebook,The Missing Manual,E. A. Vander Veer,Physical,1
Fail State,(A novel of the End of Days: a cyberwar apocalypse),John Birmingham,Kindle,1
Fair Game,The Eighth Spider Shepherd Thriller,Stephen Leather,Kindle,1
FAKE PAPERS,The Survival Lessons,Aaron Rockett,Kindle,1
Falklands Commando,,Hugh McManners,Kindle,1
Fallen Dragon,,Peter F. Hamilton,"Kindle, Audible",2
Fallen Mangrove,A Jesse McDermitt Novel (Caribbean Adventure Series Book 5),Wayne Stinnett,Kindle,1
Fallen Palm,A Jesse McDermitt Novel (Caribbean Adventure Series Book 2),Wayne Stinnett,Kindle,1
Fallen Pride,A Jesse McDermitt Novel (Caribbean Adventure Series Book 4),Wayne Stinnett,Kindle,1
Fallen Series,A Jesse McDermitt Bundle (Caribbean Adventure Series Book 0),Wayne Stinnett,Kindle,1
False Friends,The unmissable action thriller from the legendary Sunday Times bestseller (The Spider Shepherd Thrillers Book 9),Stephen Leather,Kindle,1
Family Ghouls (A Greek Ghouls Mystery Book 1) Alex A. King,,,Kindle,1
Farewell to Russia,A Pyotr Kirov Detective Novel,Jim Williams,Kindle,1
Fast Food Nation,What the All-American Meal Is Doing to the World,Eric Schlosser,Physical,1
Fat Man to Green Man,From Unfit to Ultramarathon,Ira Kalney,Kindle,1
Fat Man to Green Man,From Unfit to Ultramarathon,Ira Rainey,Audible,1
Fatal Decision,A Cold Case Murder Mystery Serles (The Freeman Files Book 1),Ted Tayler,Kindle,1
Fatal Flowers Enes smith,,,Kindle,1
"Fatal Lies (""Lies"" Mystery Thriller Series Book 2)",,Andrew Cunningham,Kindle,1
Fatal Starts,Series Begins Here - Special Edition - First Two Gripping Jess Kimball Thrillers (The Jess Kimball Thrillers S...,Diane Capri,Kindle,1
Fava,A Francine Vega Investigative Thriller (Vega Thriller Book 1),John Hazen,Kindle,1
Fear No Truth,A Faith McClellan Novel (The Faith McClellan Series Book 1),LynDee Walker,Kindle,1
February's Files,(Manny Rivera Mystery Series Book 2),Kith dittin,Kindle,1
Feel the Fear and Do It Anyway,,Susan J. Jeffers,Physical,1
Feel-Good Productivity,How to Do More of What Matters to You,Ali Abdaal,"Physical, Kindle, Audible",3
FIGHTING FOR QUEEN AND COUNTRY,one man's true story of blood and violence in the Paras and SAS,Nigel Ely,Kindle,1
Final Stand,(Surviving the EMP Book 6),Ryan Casey,Kindle,1
"Find Out Anything From Anyone, Anytime",Secrets of Calculated Questioning From a Veteran Interrogator,James O. Pyle,Kindle,1
"Find Your Values, Find Yourself",The Simple 3-Step Method to Discover Your Values and Bring Clarity,,Kindle,1
Finding Meaning in the Second Half of Life,"How to Finally, Really Grow Up",James Hollis,Kindle,1
"Finding Ultra, Revised and Updated Edition","Rejecting Middle Age, Becoming One of the World's Fittest Men, and Discovering Myself",Rich Roll,Physical,1
Fine Line,A Phantom Force Tactical Novel: A Phantom Force Tactical Novel (Book 2),Jessica James,Kindle,1
FIRE in the UK,A beginner's guide to Financial Independence (Financial Education),Andy Farrell,Kindle,1
FIRE STORM (The Zulu Virus Chronicles Book 3 of 3),A Black Flagged Thriller Series Spin Off (The Black Flagged Series),Steven Konkoly,Kindle,1
Fire Strike 7/9 Paul,,'Bommer' Grahame,Kindle,1
Fire Watch (Jack Widow Book 8),,Scott Blade,Kindle,1
Firewall,(Nick Stone Thriller 3),Andy McNab,Kindle,1
First Activation Darren,,Wearmouth,Kindle,1
First Bite,Steven Becker Starter Library,Steven Becker,Kindle,1
First Casualty,,Toby Harnden,Audible,1
"First Do No Harm (Benjamin Davis Book Series, Book 1,",,A. Turk,Kindle,1
First Things First,Snapshots,Stephen R Covey,"Physical, Kindle",2
First Thrills,,Lee Child,Kindle,1
First You Write a Sentence.,"The Elements of Reading, Writing ... and Life.",Joe Moran,"Kindle, Audible",2
Fishers of Men - The Gripping True Story of a British Undercover Agent in Northern Ireland,,Rob Lewis,"Kindle, Audible",2
Five Great Rules of Selling,,Percy H Whiting,Physical,1
Five Survive,n explosive crime thriller from the award-winning author of A Good Girls Guide to Murder,Holly Jackson,Kindle,1
Flash,,Tim Tigner,Kindle,1
Flash Bang,,Kellen Burden,Kindle,1
Flash Drive,,Peter C. Foster,Kindle,1
Flash for Freedom! (The Flashman Papers),Book 5,George MacDonald Fraser,Physical,1
Flashback (The Saskia Brandt Series Book Two) lan,,Hocking,Kindle,1
FlashForward,,Robert J Sawyer,Physical,1
Flashman and the Angel of the Lord,"From the Flashman Papers, 1858-59",George MacDonald Fraser,Physical,1
Flashman and the Dragon,"From the Flashman Papers, 1860: Book 10",George MacDonald Fraser,Physical,1
Flashman and the Mountain of Light,,George MacDonald Fraser,Physical,1
Flashman and the Redskins,"From the Flashman Papers, 1849-50 and 1875-76: Book 6",George MacDonald Fraser,Physical,1
Flashman and the Tiger,,George MacDonald Fraser,Physical,1
Flashman at the Charge,"From the Flashman Papers, 1854-55",George MacDonald Fraser,Physical,1
Flashman in the Great Game,"From the Flashman Papers, 1856-1858",George MacDonald Fraser,Physical,1
FLASHMAN ON THE MARCH,from the Flashman Papers 1867-8: Book 11,George MacDonald Fraser,Physical,1
Flashman's Lady,,George MacDonald Fraser,Physical,1
FLESH & BONES (Jake Lassiter Legal Thrillers Book 7),,Paul Levine,Kindle,1
Flood,,Stephen Baxter,Kindle,1
Florence Marco Polo Pocket Guide (Marco Polo Travel Guides),,Marco Polo,Physical,1
Flow,The Psychology of Happiness,Mihaly Csikszentmihalyi,Kindle,1
Fly By Wire,A Jammer Davis Thriller,Ward Larsen,Kindle,1
For Valour,(Nick Stone Thriller 16),Andy McNab,Kindle,1
For We Are Many,"Bobiverse, Book 2",Dennis E. Taylor,Audible,1
For We Are Many (Bobiverse Book 2),,Dennis Taylor,Kindle,1
For Your Eyes Only,Ian Fleming and James Bond,Ben Macintyre,Physical,1
Forging zero Sara King,,,Kindle,1
Forgotten Fatherland,The search for Elisabeth Nietzsche,Ben Macintyre,Physical,1
Fortress,(Tom Buckingham Thriller 2),Andy McNab,Kindle,1
Forty Days at Kamas (Kamas Trilogy Book 5),,Preston Fleming,Kindle,1
Founders' Keeper (A David and Martin Yerxa Thriller - Book 1),,Ed Markham,Kindle,1
Four Shots in the Night,"A True Story of Stakeknife, Murder and Justice in Northern Ireland",Henry Hemming,"Kindle, Audible",2
Four Thousand Weeks,Time Management for Mortals,Oliver Burkeman,"Physical, Audible",2
Free,How today's smartest businesses profit by giving something for nothing,Chris Anderson,Physical,1
Free to Focus,A Total Productivity System to Achieve More by Doing Less,Michael Hyatt,"Kindle, Audible",2
Freedom,,Daniel Suarez,Kindle,1
French Foreign Legion Commando,,Harry A. Dobson,Kindle,1
Fresh Doubt (Ingrid Skyberg FBI Thrillers Book 2),,Eva Hudson,Kindle,1
Friendly Fire,A Spider Shepherd short story (Dan Shepherd series Book 12),Stephen Leather,Kindle,1
Frost and Ashes (Daniel Trokics Series Book 2),,Inger Wolf,Kindle,1
"Frozen Past (A Jaxon Jennings' Detective Mystery Thriller Series, Book 1) Richard",,C Hale,Kindle,1
Fugitive Telemetry,The Murderbot Diaries,Martha Wells,"Kindle, Audible",2
Future Files,The 5 Trends That Will Shape the Next 50 Years,Richard Watson,Physical,1
Future Skills,The 20 Skills and Competencies Everyone Needs to Succeed in a Digital World,Bernard Marr,Physical,1
Futurevision,Scenarios for the World in 2040,Richard Watson; Oliver Freeman,Physical,1
G is for Gumshoe (Kinsey Millhone Alphabet series Book 7),,Sue Grafton,Kindle,1
Gai-Jin,The Third Novel of the Asian Saga: A Novel of Japan,James Clavell,Physical,1
Game Changer Doulas,,E Richards,Kindle,1
Game of Shadows,A Sean Wyatt Archaeological Thriller (Sean Wyatt Historical Mysteries Book 6),Ernest Dempsey,Kindle,1
Gap Selling,Getting the Customer to Yes:,Keenan,"Kindle, Audible",2
Genesis Code,"A Dystopian Society Thriller (Book 1, Genesis Series)",Eliza Green,Kindle,1
Geosynchron (Book Three of the Jump 225 Trilogy),,David Louis Edelman,Physical,1
Getting a Head (A Kat Parker Novel Book 3),,K.L. Phelps,Kindle,1
Getting About in the Great Outdoors (Puffin Books),,Anthony Greenbank,Physical,1
Getting Results without Direct Authority,A Practical Guide (Career Book 5),Sorin Dumitrascu,Kindle,1
Getting Things Done,How to Achieve Stress-free Productivity,David Allen,Physical,1
Getting to Yes,Negotiating an agreement without giving in,Roger Fisher; William Ury,Audible,1
Ghost Watch,(Vin Cooper Book 4),David Rollins,Kindle,1
Gibraltar Road,Commander Shaw Book 1,Philip McCutchan,Kindle,1
Give and Take,A Revolutionary Approach to Success,Adam Grant,Kindle,1
Give Me Tomorrow,The Korean War's Greatest Untold Story - The Epic Stand of the Marines of George Company,Patrick K. O'Donnell,Audible,1
Global Cooling (The Time Bubble Book 2),,Jason Ayres,Kindle,1
Globalization and Its Discontents,,Joseph Stiglitz,Physical,1
"Go-Givers Sell More Bob Burg, John David Mann",,Bob Burg,Kindle,1
God Save the Spy,A Cold War Spy Novel (John Ellsworth Historical Fiction),John Ellsworth,Kindle,1
God's Debris,The Complete Works,Scott Adams,Kindle,1
God's Memory,,Michael Landsberg,Kindle,1
Golden Son,Book II of the Red Rising Trilogy,Pierce Brown,Audible,1
Golden Son (#2),Red Rising Series,Pierce Brown,Kindle,1
Goliath (A Ryan Mitchell Thriller Book 1),,Richard Turner,Kindle,1
Gone Bad,A Jon Reznick Thriller (Jon Reznick Series),J.B. Durnen,Kindle,1
Gone to the Rapture (The Time Bubble Series Book 14),,Jason Ayres,Kindle,1
"Gone Tomorrow (Jack Reacher, Book 13)",,Lee Child,Kindle,1
Googled,,auletta-ken,Physical,1
Granta 83,This Overheating World (Granta: The Magazine of New Writing),Ian Jack,Physical,1
Graveyard of Empires,Ben Hope book 26,Scott Mariani,Kindle,1
Great by Choice,"Uncertainty, Chaos, and Luck--Why Some Thrive Despite Them All (Good to Great, 5)",Jim Collins,Physical,1
Great North Road,,Peter F. Hamilton,Physical,1
Green Lantern,New Guardians #1,Tony Bedard,Physical,1
Green Lantern,Revenge of the Green Lanterns,Geoff Johns,Physical,1
Green Lantern,"The Sinestro Corps War, Vol. 1",Geoff Johns,Physical,1
Green Lantern,"The Sinestro Corps War, Vol. 2",Geoff Johns,Physical,1
Green Lantern #2 The New 52 DC Comics 1ST PRINTING,,Geoff Johns,Physical,1
Green Lantern Movie Prequel Abin Sur #1,,Michael Green,Physical,1
Green Lantern Movie Prequel Hal Jordan #1,,Various,Physical,1
Green Lantern Movie Prequel Kilowog #1,,Fabrizio Fiorentino,Physical,1
Green Lantern Movie Prequel Sinestro #1,,Geoff Johns; M. Goldenberg,Physical,1
Green Lantern Movie Prequel Tomar-Re #1,,Marc Guggenheim,Physical,1
Green Lantern Super Spectacular #1,,Various,Physical,1
Green Mars,An unforgettable dystopian sci-fi novel (Mars Trilogy Book 2) Kim,Stanley Robinson,Kindle,1
Green Sun,The new novel from 'the world's best crime writer',Kent Anderson,Physical,1
Greenlights,,Matthew McConaughey,Audible,1
"Greenlights Raucous stories and outlaw wisdom from the Academy Award-winning actor, English",,Matthew McConaughey,Physical,1
Grit,How to Keep Going When You Want to Give Up,Martin Meadows,"Kindle, Audible",2
Grit,The Power of Passion and Perseverance,Angela Duckworth,"Physical, Kindle, Audible",3
Grosse Pointe Pulp,"John Rockne Mystery Thriller Series Books #1, #2 and #3",Dan Ames,Kindle,1
Ground Truth,3 Para Return to Afghanistan,Patrick Bishop,Physical,1
Gulag,A History of the Soviet Camps,Anne Applebaum,Physical,1
Gunmetal Gray (#6),(Grey Man Series),Mark Greaney,Kindle,1
"Guns, Germs and Steel",The Fate of Human Societies,Jared Diamond,Audible,1
"Guns, Germs and Steel",The MILLION-COPY bestselling history of everybody,Jared M. Diamond,Kindle,1
H is for Homicide,A Kinsey Millhone Mystery (Kinsey Millhone Alphabet series Book 8),Sue Grafton,Kindle,1
HABIT,a gripping detective thriller full of suspense (Titan Trilogy Book 1) T.J. BREARTON,,Kindle,1
Hack Attacks Revealed,A Complete Reference with Custom Security Hacking Toolkit,John Chirillo,Physical,1
Hacker's Movie Guide,The Complete List of Hacker and Cybersecurity Movies (2022-23 Edition),Steven C. Morgan,Physical,1
Hacking Exposed,Network Security Secrets and Solutions,Stuart McClure,Physical,1
Hadrian's Wall Path (Trail Guides),,Anthony Burton,Physical,1
Halting State,,Charles Stross,Kindle,1
Happy,Why More or Less Everything is,Absolutely Fine,"Kindle, Audible",2
Happy New Year (The Time Bubble Series Book 10),,Jason Ayres,Kindle,1
Hard Landing,The 1st Spider Shepherd Thriller (The Spider Shepherd Thrillers),Stephen Leather,Kindle,1
Havoc,An International Technothriller (The Blackwell Files Book 4),Steven F. Freeman,Kindle,1
Heading Out On Your Own,31 Basic Life Skills in 31 Days (The Art of Manliness),Brett H. McKay,Kindle,1
Heart Wounds (A Miranda and Parker Mystery Book 2),,Linsey Lanier,Kindle,1
Heaven's River,"Bobiverse, Book 4",Dennis E. Taylor,Audible,1
Heaven's River (Bobiverse Book 4),,Dennis E. Taylor,Kindle,1
Hell Yeah or No,what's worth doing,Derek Sivers,Physical,1
HELP!,How to Become Slightly Happier and Get a Bit More Done,Oliver Burkeman,Physical,1
Here Comes Everybody,The Power of Organizing Without Organizations,Clay Shirky,Physical,1
Here We Are,The phenomenal international bestseller from Oliver Jeffers,Oliver Jeffers,Physical,1
Heritage (Tales of the Phoenix Titan Book 1),,S.M. Warlow,Kindle,1
Heroes,The myths of the Ancient Greek heroes retold (Stephen Fry's Greek Myths Book 2),Stephen Fry,Kindle,1
Hidden Potential,The Science of Achieving Greater Things,Adam Grant,Kindle,1
High Performance,Lessons from the Best on Becoming Your Best,Jake Humphrey,Kindle,1
Hillwalking,The Official Handbook of the Mountain Training Walking Schemes,Steve Long,Physical,1
His Other Wife (A Stella Fall Psychological Suspense Thriller-Book One),,Ava Strong,Kindle,1
Hitchhiker's Guide to the Galaxy,"the comedy sci-fi classic, read by Stephen Fry",,Audible,1
Hitman Anders and the Meaning of It All,,Jonas Jonasson,Kindle,1
Hollywood Games,A Hollywood Alphabet Series Thriller,M.Z. Kelly,Kindle,1
Homo Deus,The million-copy bestseller from the author of Nexus,Yuval Noah Harari,Kindle,1
Hood. A Post-apocalyptic Novel (American Rebirth Series book),,Evan Pickering,Kindle,1
Hooked,How to Build Habit-Forming Products,Nir Eyal,Kindle,1
Hostile Territory,A Spider Shepherd short story (Dan Shepherd series Book 7),Stephen Leather,Kindle,1
HOSTILE WITNESS,A losie Bates Thriller (The Witness Series Book 11,Rebecca Forster,Kindle,1
Hot Blood,The Fourth Spider Shepherd Thriller,Stephen Leather,Kindle,1
HOT ZONE (The Zulu Virus Chronicles Book 1 of 3),A Black Flagged Thriller Series Spin-Off (The Black Flagged Series),Steven Konkoly,Kindle,1
House of Two Pharaohs,"Step into the world of gold, gods and deadly ambition with the latest Egyptian adventure (The Egyptian Book 10)",Wilbur Smith,Kindle,1
House or War,"The new gripping adventure thriller from the sunday Times bestseller (Ben Hope, Book 20)",Scott Mariani,Kindle,1
How Can Man Die Better,The Secrets of Isandwana Revealed,Mike Snook,Kindle,1
How I Raised Myself from Failure to Success in Selling,,Frank Bettger,Physical,1
How Not To Worry,The Remarkable Truth of How a Small Change Can Help You Stress Less and Enjoy Life More,Paul McGee,Kindle,1
How Spies Think,Ten Lessons in Intelligence,David Omand,Kindle,1
How To Be A Stoic,Ancient Wisdom for Modern Living,Massimo Pigliucci,Kindle,1
How To Be a Stoic (Penguin Great Ideas),,Epictetus,Physical,1
How to Behave and Why,,Munro Leaf,Physical,1
How to Develop Assertiveness,Practical Techniques for Personal Success (Kogan Page better management skills),Sam R. Lloyd,Physical,1
How to Develop Your Family Mission Statement,,Stephen R. Covey,Kindle,1
How to Develop Your Personal Mission Statement,,Stephen R. Covey,Kindle,1
How to Do Nothing,Resisting the Attention Economy,Jenny Odell,"Kindle, Audible",2
How to Fail at Almost Everything and Still Win Big,Kind of the Story of My Life,Scott Adams,Physical,1
How to Get Things Done Without Trying Too Hard 2e (2nd Edition),,Richard Templar,Physical,1
How to Get What You Want Without Having To Ask,,Richard Templar,Physical,1
How To Have A Good Day,The Essential Toolkit for a Productive Day at Work and Beyond,Caroline Webb,Kindle,1
How to Listen to Anyone and Be Understood,"7 Essential Skills to Master Active Listening, Build Trust, Validate Emotions &amp; Make Every Conversation Count ... Connections (People Skills Training Book 2)",Parker Lawson,Kindle,1
How to Live,27 conflicting answers and one weird conclusion,Derek Sivers,Physical,1
How to Live a Meaningful Life,"Using Design Thinking to Unlock Purpose, Joy, and Flow Every Day",Bill Burnett,"Kindle, Audible",2
How to Live on 24 Hours a Day,,Arnold Bennett,Kindle,1
How to Master the Art of Selling,,Tom Hopkins,Physical,1
How to Master the Art of Selling from SmarterComics,,Tom Hopkins,Kindle,1
How to Master Your Monkey Mind,"Overcome anxiety, increase confidence and regain control of your life",Don Macpherson,Kindle,1
How to Pass the New Police Selection System,,H. Tolley,Physical,1
How to Play Poker,And Other Gambling Card Games,Peter Arnold,Physical,1
How to Play Poker and Win,"The ""Late Night Poker"" Guide",Brian McNally,Physical,1
How to Read a Book,The Classic Guide to Intelligent Reading,Mortimer J. Adler,Physical,1
How to Read a book Charles,,Van Doren,Kindle,1
How To Sell Your Way Through Life,,Napoleon Hill,Physical,1
How To Stop Overthinking Everything You Do,"How To Eliminate Negative Thinking To Find Inner Peace, Develop Mental Contentment, And Stay Calm In The Face Of Chaos",Thinknetic,Kindle,1
How to Stop Time,,Matt Haig,"Kindle, Audible",2
How To Stop Worrying And Start Living,,Dale Carnegie,Physical,1
How to Take Smart Notes,"One Simple Technique to Boost Writing, Learning and Thinking - for Students, Academ...",Sönke Ahrens,"Kindle, Audible",2
How to Win Friends & Influence People,,,Audible,1
How to Win Friends and Influence People,,Dale Carnegie,Kindle,1
How to Write a Book,"An 11-Step Process to Build Habits, Stop Procrastinating, Fuel Self-Motivation, Quiet Your Inner Critic, Bust Through Writer's Block, & Let Your Creative Juices Flow (Short Read)",David Kadavy,Physical,1
How We Learn,,Benedict Carey,Audible,1
How Will You Measure Your Life?,,Clayton M. Christensen; James Allworth; Karen Dillon,Audible,1
How Will You Measure Your Life?,A thought-provoking approach to measuring life's success,James Allworth,Kindle,1
HP ASE Cloud Architect Official Exam Certification Guide (Exam HPO-D14) (HP ExpertONE),,,Kindle,1
Human Again,In the Al Age,J.D. Macpherson,Kindle,1
Human First Marketing,"The Art of Being Seen, Trusted and Remembered",Phil Treagus-Evans,Kindle,1
Humancorp Incorporated,,Andrew Stanek,Kindle,1
Humankind,A Hopeful History,Rutger Bregman,Audible,1
Humility Is the New Smart,Rethinking Human Excellence in the Smart Machine Age,Edward D. Hess,Physical,1
Hungry Ghost (Stephen Leather Novels Book 3),,Stephen Leather,Kindle,1
Hunt For Justice,Judge Willa Carson Books 1 - 2,Diane Capri,Kindle,1
Hunting Delilah (A Delilah Thriller Book 1),,Anne Baines,Kindle,1
Huntress Moon (The Huntress/FBI Thrillers Book 1),,Alexandra Sokoloff,Kindle,1
Hyperfocus,How to Work Less to Achieve More,Chris Bailey,Kindle,1
I Am Pilgrim,,Terry Hayes,Kindle,1
I don't want any more cheese - I just want out of the trap,get out of your career rut and find a job that makes you happy,Richard Templar,Physical,1
I is for Innocent,A Kinsey Millhone Mystery (Kinsey Millhone Alphabet series Book 9),Sue Grafton,Kindle,1
I Will Teach You to Be Rich,No Guilt. No Excuses. No B.S. Just a 6-Week Program That Works (Second Edition),Ramit Sethi,Audible,1
ICE,The Ice Trilogy Volume 1,Kevin Tinto,Kindle,1
if [tribe] = (The Bridge Chronicles Book 3),,Gary Ballard,Kindle,1
If Angels Fall (Tom Reed Series Book 1),,Rick Mofina,Kindle,1
If I Die in a Combat Zone (Paladin Books),,Tim O'Brien,Physical,1
If She Knew (A Kate Wise Mystery-Book 1),,Blake Pierce,Kindle,1
Illegal Action,(Liz Carlyle 3),Stella Rimington,Kindle,1
Illustrated Babywatching,,Desmond Morris,Physical,1
Imperial War Museums' Book of War Behind Enemy Lines,,Julian Thompson,Kindle,1
Improper Influence (Sasha McCandless Legal Thriller Book 5),,Melissa F. Miller,Kindle,1
In A Small Town (A Small Town Series Book 1)l,,Marc A. DiGacomo,Kindle,1
In Absence of Command (#2),The Interplanetary Empire of Great Britain Series,Richard Toulouse,Kindle,1
In Sheep's Clothing,Sydney Rye Mysteries #9,Emily Kimelman,Kindle,1
In the Country of Men (Penguin Essentials) (English Edition),,Hisham Matar,Physical,1
In the Face of the Enemy,A Battery Sergeant Major in Action in the Second World War,Ernest Powdrill,Kindle,1
In the Line of Duty,A brilliant action-packed mystery with heart-stopping twists (Detective Madison Knight Series Boo….,Carolyn Arnold,Kindle,1
In the Line of Fire (Donald Cameron Naval Thriller Book 1),,Philip McCutchan,Kindle,1
Indistractable,How to Control Your Attention and Choose Your Life,Nir Eyal; Julie Li,Audible,1
Influence,The Psychology of Persuasion (Collins Business Essentials) Robert B.,Cialdini PhD,Kindle,1
Influx,,Daniel Suarez,Kindle,1
Infoquake,Book One of the Jump 225 Trilogy,David Louis Edelman,Physical,1
Insider Justice,A Financial Thriller (A Marc Kadella Legal Mystery Book 8),Dennis Carstens,Kindle,1
Insight Guides USA on the Road (Travel Guide with free eBook),,Insight Guides,Physical,1
Inspired,How to Create Tech Products Customers Love (Silicon Valley Product Group),Marty Cagan,Kindle,1
INTEL 1 Omnibus,Books 1-4,Eric Stebbins,Kindle,1
"Interception & The New Space Race (Comet Clement series, #2 & #3)",,Kevin George,Kindle,1
Internet and E-mail Use and Abuse (Good Practice Series),,Clare Hogg,Physical,1
"Internet Book, The",Everything You Need to Know About Computer Networking and How the Internet Works,Douglas E. Comer,Physical,1
Internet Piracy Exposed,,Guy Hart-Davis,Physical,1
Interpersonal Communication,A Practical Guide (Productivity Book 1),Sorin Dumitrascu,Kindle,1
Interpersonal Communication Skills for Business,A Practical Guide (Productivity Book 8),Sorin Dumitrascu,Kindle,1
Into the Fire (Vigilante Justice #1),,FJ Gale,Kindle,1
"Introducing Microsoft Power BI Alberto Ferrari, Marco Russo 11 October 2018 Sweet Smell of Sucrets (The Reed Ferguson Mystery Series Book 8) Renee Pawlish 9 October 2018 The 1-Page Marketing Plan","Get New Customers, Make More Money, And Stand Out From The Crowd (Lean Marketing S...",Allan Dib,Kindle,1
Introducing Neurolinguistic Programming (NLP),A Practical Guide (Introducing...),Neil Shah,Kindle,1
Introducing Positive Psychology,A Practical Guide (Introducing...),Bridget Grenville-Cleave,Kindle,1
Introducing Windows Server 2012,,Mitch Tulloch,Kindle,1
Introducing Windows Server 2012 RTM Edition,,Mitch Tulloch,Kindle,1
Intrusion Detection,"An Introduction to Internet Surveillance, Correlation, Trace Back, Traps, and Response",Edward G. Amoroso,Physical,1
INVASION DELIVERANCE,A War and Military Action Thriller (The Invasion UK Series Book 4),DC Alden,Kindle,1
INVASION DOWNFALL,A War & Military Action Thriller (The Invasion UK Series Book 1)| DC ALDEN,,Kindle,1
INVASION FRONTLINE,A War and Military Action Thriller (The Invasion UK Series Book 3),DC Alden,Kindle,1
INVASION UPRISING,A War and Military Action Thriller (The Invasion UK Series Book 2),DC Alden,Kindle,1
Invidious (Tales of the Phoenix Titan Book 2),,S.M. Warlow,Kindle,1
Invitation to Die (The Killing Game--Book 1),,Jaden Skye,Kindle,1
Iron Gold,,Pierce Brown,Audible,1
Iron Gold (#4),Red Rising Series,Pierce Brown,Kindle,1
Iron Sunrise,(Singularity Sky Book 2),Charles Stross,Kindle,1
Irreparable Harm (Sasha McCandless Legal Thriller Book 1),,Melissa F. Miller,Kindle,1
Isabel's Run (Danny Logan Mystery #3),,M.D. Gravson,Kindle,1
Ishmael,A Novel,Daniel Quinn,Physical,1
"It Doesn't Have to Be Crazy at Work Jason Fried, David",,Heinemeier Hansson,Kindle,1
It's a State of Mind,Stop Existing | Start Living,James Boardman,"Physical, Kindle, Audible",3
IT'S ALL IN YOUR HEAD,,Russ,Physical,1
It's Not About You,A Brief Guide to a Meaningful Life,Tom Rath,"Kindle, Audible",2
J is for Judgement (Kinsey Millhone Alphabet series Book 10),,Sue Grafton,Kindle,1
Jake Fonko M.I.A. B.,,Hesse Pflingger,Kindle,1
Jarhead,A Marine's Chronicle of the Gulf War and Other Battles,Anthony Swofford,"Physical, Kindle",2
Jeffrey Gitomer's Sales Bible,The Ultimate Sales Resource: Including The 10.5 Commandments of Sales Success,Jeffrey Gitomer,Kindle,1
JET,,Russell Blake,Kindle,1
JET - Ops Files,Prequel,Russell Blake,Kindle,1
Job Interviews for Dummies (For Dummies Series),,Joyce Lain Kennedy,Physical,1
Joe Country,Slough House Thriller 6,Mick Herron,Kindle,1
Johnny Revenge (The Revenge Series Book 1),,Remington Kane,Kindle,1
JOSIAH THE GREAT,The True Story of The Man Who Would Be King: From the number one bestselling author of Operation Mincemeat & Agent Zig-Zag,Macintyre,Physical,1
JUDAS 62,The gripping new spy action thriller featuring BOX 88 from the master of the 21st century spy novel (B...,Charles Cumming,Kindle,1
Judas Unchained,(Commonwealth Saga Book 2),Peter F. Hamilton,"Kindle, Audible",2
Judas Unchained (Commonwealth Saga),,Peter F. Hamilton,Physical,1
Just Do Something,The Complete Cycle of Getting Things Done - From Why to Finished,Ben Wolf,Kindle,1
Justice in an Age of Metal and Men,,Anthony W. Eichenlaub,Kindle,1
Justice League #2,,Geoff Johns,Physical,1
Justice League International #5,,Dan Jurgens,Physical,1
Justified,An Edge of Your Seat Thriller (An Agent Jade Monroe FBI Thriller Book 2),C. M. Sutter,Kindle,1
K is for Killer (Kinsey Millhone Alphabet series Book 11),,Sue Grafton,Kindle,1
Keeping with Killers (The Salingers Book 1),,Adam Nicholls,Kindle,1
KENNEDY 35,"(BOX 88, Book 3)",Charles Cummings,Kindle,1
Kentucky Vice,An absolutely gripping crime thriller with a massive twist (Evan Buckley Thrillers Book 2),James Harper,Kindle,1
"KILL ALL THE LAWYERS (Solomon vs.Lord Legal Innters book 5,",,Paul Levine,Kindle,1
KILL BOX (The Zulu Virus Chronicles Book 2 of 3),A Black Flagged Thriller Series Spin-Off (The Black Flagged Series),Steven Konkoly,Kindle,1
Kill Shot,(The Mitch Rapp Series),Vince Flynn,Kindle,1
Kill Zone,A Sniper Novel (Kyle Swanson Series Book 1),Jack Coughlin,Kindle,1
Kill Zone,A Spider Shepherd short story (Dan Shepherd series Book 14),Stephen Leather,Kindle,1
Killer Thrillers,3 Action-Adventure Thrillers,Nick Thacker,Kindle,1
"Killing Chase (The Better Off Dead Series Book 1) Ben Muse, thewordverve",,,Kindle,1
"Killing Floor (Jack Reacher, Book 1)",,Lee Child,Kindle,1
Killing Me Softly (Previously published as Live and Let Die),,Bianca Sloane,Kindle,1
Killing Time,Serial Killers Never Retire - They Just Go On Hiatus (Stephen Leather Novels Book 16),Stephen Leather,Kindle,1
Killing Zone,"A Life in the PARAs, the RECCEs, the SAS and the RUC",Harry McCallion,Kindle,1
King Rat,The Fourth Novel of the Asian Saga,James Clavell,Physical,1
King's Ransom (The Alexander King Prequels Book 3),,Bradley Wright,Kindle,1
Kinsey and Me,Stories,Sue Grafton,Kindle,1
Klara and the Sun,,Kazuo Ishiguro,"Kindle, Audible",2
Knight & Culverhouse Box Set - Books 4-6,,,Kindle,1
Knight & Culverhouse Box Set — Books 1-3,,Adam Crott,Kindle,1
Koran. English J. M. (John Medows),,Rodwell,Kindle,1
L is for Lawless (Kinsey Millhone Alphabet series Book 12),,Sue Grafton,Kindle,1
La Belle Sauvage (Book of Dust 1),,Philip Pullman,Physical,1
lain M. Banks (Modern Masters of Science Fiction),,Paul Kincaid,Kindle,1
Last Light,,Alex Scarrow,Kindle,1
Last Light,(Nick Stone Thriller 4),Andy McNab,Kindle,1
Last Stand,"The Complete Four-Book Box Set (A Post-Apocalyptic, EMP-Survival Thriller)",William H. Weber,Kindle,1
LAUNDRY MAN (The Jack Shepherd Novels Book 1),,Jake Neednam,Kindle,1
Lauren's Odyssey (The Time Bubble Series Book 13),,Jason Ayres,Kindle,1
Leap (Breakthrough Book 2) michael c.,,Grumley,Kindle,1
"Learn, Improve, Master",How to Develop Any Skill and Excel at It,Nick Velasquez,Kindle,1
Leaving a Trace,On Keeping a Journal,Alexandra Johnson,Kindle,1
Legionnaire,"Five Years in the French Foreign Legion, the World's Toughest Army",Simon Murray,Kindle,1
Legwork,A Casey Jones Mystery (Casey Jones Mystery Series Book 1),Katy Munger,Kindle,1
"Leine Basso Thrillers, Vol. 1","(Serial Date, Bad Traffick, and The Body Market) (Leine Basso Thriller Boxset)",D.V. Berkom,Kindle,1
Leonardo Da Vinci,,Walter Isaacson,Audible,1
Let's Get Digital,"How To Self-Publish, And Why You Should (Fourth Edition) (Let's Get Publishing Book 1)",David Gaughran,Kindle,1
Let's Get Real or Let's Not Play,Transforming the Buyer/Seller Relationship,Mahan Khalsa,"Physical, Kindle, Audible",3
Let's Make Some Great Fingerprint Art,,Marion Deuchars,Physical,1
Leviathan Falls,Book 9 of the Expanse,James S.A. Corey,Kindle,1
Leviathan Wakes,Book 1 of the Expanse (now a Prime Original series),James S. A. Corey,Kindle,1
Liberation Day,(Nick Stone Thriller 5),Andy McNab,Kindle,1
Licensed to Thrill 1,Hunt For Jack Reacher Series Thrillers Books 1-3 (Diane Capri's Licensed to Thrill Sets),Diane Capri,Kindle,1
Life 3.0,Being Human in the Age of Artificial Intelligence,Max Tegmark,Kindle,1
Life Leverage,,Rob Moore,Physical,1
Life Of Pi,,Yann Martel,Kindle,1
Life on Earth,,David Attenborough,Audible,1
Life Under Fire,How to Build Inner Strength and Thrive Under Pressure,Jason Fox,Kindle,1
Life's Missing Instruction Manual,The Guidebook You Should Have Been Given at Birth,Joe Vitale,"Physical, Audible",2
Life's Operating Manual,With the Fear and Truth Dialogues,Tom Shadyac,Kindle,1
Lifestyle Mastery Series — Boxed Set (Books 1-3),"Drive Your Destiny, The Discipline of Masters, and The Master of Achi... Scott Allan",,Kindle,1
Light Bringer,"Red Rising, Book 6",Pierce Brown,Audible,1
Light Bringer (#6),Red Rising Series,Pierce Brown,Kindle,1
Lighten Up!,A Complete Handbook For Light And Ultralight Backpacking (Falcon Guide),Don Ladigin,Physical,1
Lights Out,(Surviving the EMP Book 1),Ryan Casey,Kindle,1
Limitless,"Upgrade Your Brain, Learn Anything Faster, and Unlock Your Exceptional Life",Jim Kwik,Kindle,1
Linchpin,Are You Indispensable? How to drive your career and create a remarkable future,Seth Godin,Kindle,1
Line of Control- A Thriller on the Coming War in Asia,,Mainak Dhar,Kindle,1
Line of Fire,(Nick Stone Thriller 19),Andy McNab,Kindle,1
Lines of Departure (Frontlines Book 2),,Marko Klood,Kindle,1
Linux for Beginners,Why You're Not Using Linux yet and How to Overcome Command,Line Fear,Kindle,1
Linux Pocket Guide Daniel,,J Barrett,Kindle,1
Lions of the Desert,A True Story of WWIl Heroes in North Africa (World War Two Series Book 4),Samuel Marquis,Kindle,1
List of Secrets,A Suspenseful FBI Crime Thriller (Vital Secrets Book 2),D.F. Hart,Kindle,1
Little Book Of Ikigai,,Quercus,Physical,1
Live Fire,The Sixth Spider Shepherd Thriller,Stephen Leather,Kindle,1
Live Like A Stoic,52 Exercises for Cultivating a Good Life,Massimo Pigliucci,"Kindle, Audible",2
Living & Working in New Zealand,How to Build a New Life in New Zealand,Joy Muirhead,Physical,1
Living Forward,A Proven Plan to Stop Drifting and Get the Life You Want,Michael Hyatt,Physical,1
Living from the Soul,"The 7 Spiritual Principles of Ralph Waldo Emerson (PhilosoComics Book 1) Sam Torode, Alexander Marchand, PhilosoComics, Ralph",Waldo Emerson,Kindle,1
Living Networks - Anniversary Edition,"Leading Your Company, Customers, and Partners in the Hyper-Connected Economy",Ross Dawson,Physical,1
LOGITICA,Improve Your Critical Thinking and Problem Solving Skills,Neelabh Kumar,Kindle,1
London A-z,,Geographer's A-z Map Co.,Physical,1
London Carter Boxed Set,Books 1 - 3,BJ Bourg,Kindle,1
London Carter Boxed Set,Books 4 - 6,BJ Bourg,Kindle,1
London Marco Polo Guide (Marco Polo Guides),,Marco Polo Travel Publishing,Physical,1
London Rules,Slough House Thriller 5,Mick Herron,Kindle,1
Lonely Planet Great Britain's Best Trips 2 (Travel Guide),,Isabel Albiston,Physical,1
Lonely Planet Road Trip Route 66 (Road Trip Guides),,Sara Benson,Physical,1
"Lonely Planet Thailand's Islands & Beaches (Lonely Planet Thailand's Islands & Beaches, 2nd ed)",,Joe Cummings,Physical,1
Lonely Planet USA & Canada On A Shoestring (LONELY PLANET SHOESTRING GUIDES),,Robert Reid,Physical,1
Lost And Found,A Dog Lover's Medical Thriller Suspense (The September Day Series Book 1),Amy Shojal,Kindle,1
Lost Girls,The Maine Murders (50 States of Murder),Jon Mills,Kindle,1
Love Yourself Like Your Life Depends On It,,Kamal Ravikant,Physical,1
Low Tech Life,A Guide to Mindful Digital Minimalism,Jose Briones,Kindle,1
Lucifer's Hammer,,Larry Niven,Kindle,1
Lucky Jim (New York Review Books Classics),,Kingsley Amis,Physical,1
M is for Malice (Kinsey Millhone Alphabet series Book 13),,Sue Grafton,Kindle,1
MAC WALKER'S BENGHAZI,,D.W. Ulsterman,Kindle,1
Machine Man (Vintage Contemporaries) Max sally,,,Kindle,1
"Mad, Bad and Dangerous to Know",Updated and revised to celebrate the author's 75th year,Ranulph Fiennes,Kindle,1
Maelstorm (Gideon Rayne Book 1),,G.A. Franks,Kindle,1
Make It Happen,The Manifestation Playbook for Building Your Ideal Life,Darius Foroux,Kindle,1
Make Money From Blogging,How To Start A Blog & Profit From It: A Step-By-Step Guide (Make Money From Home),Sally Miller,Kindle,1
Make Time,How to focus on what matters every day,Jake Knapp,"Kindle, Audible",2
Make Your Bed,Feel grounded and think positive in 10 simple steps,William H. McRaven,"Kindle, Audible",2
Making a Killing,The Explosive Story of a Hired Gun in Iraq,James Ashcroft,Physical,1
Making It All Work,Winning at the game of work and the business of life,David Allen,"Kindle, Audible",2
Making Sense of Strategy,,Tony Manning,Kindle,1
Maktub,"The essential companion to global bestseller, The Alchemist",Paulo Coelho,Physical,1
Man Out of Time (The Time Bubble Series Book 3),,Jason Ayres,Kindle,1
Managing Difficult Conversations,A Practical Guide (Advance Book 2) sorin bumit ascu,Sorin Dumitrascu,Kindle,1
Managing Oneself (Harvard Business Review Classics),,Peter F. Drucker,Physical,1
Managing Organizational Change,A Practical Guide (Productivity Book 2),Sorin Dumitrascu,Kindle,1
Managing Performance Problems (Management Book 5),A Practical Guide,Sorin Dumitrascu,Kindle,1
Managing Projects Large and Small,The Fundamental Skills to Deliver on budget and on Time,Harvard Business School Press,Physical,1
Managing Your Career,A Practical Guide (Management Book 9),Sorin Dumitrascu,Kindle,1
Manhattan in Reverse,,Peter F. Hamilton,Physical,1
Manhood,An Action Plan for Changing Men's Lives,Steve Biddulph,Physical,1
Manual for the Practical Stoic,,Kevin T Malone,Physical,1
Marijuana Time,"Join the Army, See the World, Meet Interesting People and Smoke All Their Dope",Ken Lukowiak,Physical,1
Mark One,A Mark Midway Thriller (Mark Midway Series Book 1),John Hindmarsh,Kindle,1
Market Forces (GOLLANCZ S.F.),,Richard Morgan,Kindle,1
"Mass Destruction; Featuring guest appearances by Betrayed's Brandt, Davidson, and Lopez (Nuclear Threat Thriller Seri...",,Carolyn McCray,Kindle,1
Mastering College to Career,A Modern Guide To Landing Your Dream Job Before Graduation,Daniel Botero,Kindle,1
Masters of Deception,The Gang That Ruled Cyberspace,Michele Slatalla,Physical,1
Mastery,The Keys to Success And Long-Term Fulfillment,George Leonard MD,"Physical, Audible",2
Mastery (The Modern Machiavellian Robert Greene Book 1),,Robert Greene,Kindle,1
Maze Runner 1 The Maze Runner,,James Dashner,Physical,1
Me 2.0,Build a Powerful Brand to Achieve Career Success,Dan Schawbel,Physical,1
Me And The Monkey (Chronicles of The Monkey God Book 1),,Andy Darby,Kindle,1
Me and White Supremacy,"How to Recognise Your Privilege, Combat Racism and Change the World",Layla F. Saad,Kindle,1
Me and White Supremacy,"How to Recognise Your Privilege, Combat Racism and Change the World",Layla Saad; Robin DiAngelo,Audible,1
Meant for More,The Proven Formula to Turn Your Knowledge into Profits,Lisa Sasevich,"Kindle, Audible",2
MEDDICC,The ultimate guide to staying one step ahead in the complex sale,Andy Whyte,Kindle,1
Media Justice (A Marc Kadella Legal Mystery Book 3),,Dennis Carstens,Kindle,1
Meditations,A New Translation,Marcus Aurelius,Physical,1
Meditations (Penguin Pocket Hardbacks),,Marcus Aurelius,Physical,1
MEGA BOOK OF WEAPONS AND WARFARE.,,No author.,Physical,1
MEGA BOOKS OF TANKS.,,,Physical,1
Megatech,Technology in 2050,Daniel Franklin,"Physical, Kindle",2
Memorial Day (The Mitch Rapp Series Book 5),,Vince Flynn,Kindle,1
"Men Are from Mars, Women Are from Venus",A Practical Guide for Improving Communication and Getting What Y...,John Gray,Kindle,1
Metro 2033,The cult international bestseller and inspiration behind the METRO video game franchise,Dmitry Glukhovsky,Audible,1
Metro 2034,,Dmitry Glukhovsky,Audible,1
Miami Burn,A Titus Novel (Titus Florida Crime Thriller Series Book 1),John D. Patten,Kindle,1
Miami Requiem,A Deborah Jones Thriller (Deborah Jones Crime Thriller Series Book 1),J.B. Turner,Kindle,1
Micromastery,39 Little Skills to Help You Find Happiness,Robert Twigger,"Kindle, Audible",2
Midlife Crisis (The Time Bubble Series Book 7),,Jason Ayres,Kindle,1
"Mind Management, Not Time Management",Productivity When Creativity Matters (Getting Art Done Book 2),David Kadavy,Kindle,1
Mindfulness,A practical guide to finding peace in a frantic world Prof.,Mark Williams,Kindle,1
Mindset,Updated Edition: Changing The Way You think To Fulfil Your Potential,Carol S. Dweck,Kindle,1
Mindset - Updated Edition,Changing the Way You Think to Fulfil Your Potential,,Audible,1
Mindset With Muscle,"Proven Strategies to Build Up Your Brain, Body and Business",Jamie Alderton,Physical,1
Mindstar Rising (Greg Mandel),,Peter F. Hamilton,Physical,1
Mini Habits,"Smaller Habits, Bigger Results",Stephen Guise,Kindle,1
Mini Habits for Fitness,The 60-Day Plan to Rebuild Your Relationship with Exercise,Stephen Guise,Kindle,1
Mini Habits for Weight Loss,Stop Dieting. Form New Habits. Change Your Lifestyle Without Suffering.,Stephen Guise,Kindle,1
Mission Critical (Gray Man Book 8),,Mark Greaney,Kindle,1
Misspent Youth,,Peter F. Hamilton,Kindle,1
"Mitch Kearns Combat Tracker Series Boxed Set of Thrillers, Volumes 1-3",A Black-Ops Vigilante Justice Series,JT Sawyer,Kindle,1
Mockingjay (The Hunger Games Book 3),,Suzanne Collins,Kindle,1
Money,A User's Guide: The Sunday Times bestselling guide to taking control of your personal finance,Laura Whateley,Kindle,1
Moneyman (Meriwether Files Book 1),,Mark Arundel,Kindle,1
Moon Handbooks Fiji,,David Stanley,Physical,1
More Ketchup than Salsa,Voted 'Best Travel Memoir' by the British Guild of Travel Writers,Joe Cawley,Kindle,1
Morning Star,Book III of the Red Rising Trilogy,Pierce Brown,Audible,1
Morning Star (#3),Red Rising Series,Pierce Brown,Kindle,1
MORTAL SIN (Jake Lassiter Legal Thrillers Book 4),,Paul Levine,Kindle,1
Morvicti Blood (A Morvicti Novel Book 1) Lee swine,,,Kindle,1
Motion To Kill (Lou Mason Thrillers Book 1),,Joel Goldman,Kindle,1
Moving Targets,An Action-Packed Spider Shepherd SAS Novel (Spider Shepherd: SAS Book 2),Stephen Leather,Kindle,1
MRF Shadow Troop,The untold true story of top secret British military intelligence undercover operations in Belfast,Simon Cursey,Kindle,1
MultiReal (Book Two of the Jump 225 Trilogy) (v. 2),,David Louis Edelman,Physical,1
Murder in the Genes,The Triloay (Murder in the Genes Triloay) James Ross,Simon Okill,Kindle,1
My Morning Routine,How Successful People Start Every Day Inspired,,Kindle,1
"My Tomorrow, Your Yesterday (The Time Bubble Series Book 9)",,Jason Ayres,Kindle,1
Mythos,Greek Myths Retold (Stephen Fry's Greek Myths Book 1),Stephen Fry,"Kindle, Audible",2
N is for Noose (Kinsey Millhone Alphabet series Book 14),,Sue Grafton,Kindle,1
Nam,The Vietnam War in the Words of the Men and Women Who Fought There,Mark Baker,Physical,1
Narrow Escape (Dan Shepherd series Book 5),,Stephen Leather,Kindle,1
National Burden (corps Justice book 5),,C. G. Looper,Kindle,1
Natural Selection (Dan Shepherd series Book 4),,Stephen Leather,Kindle,1
Negotiating to Win (Management Book 6),A Practical Guide,Sorin Dumitrascu,Kindle,1
Negotiation Skills for Sales Professionals,A Practical Guide Sorin Dumitrascu,Sorin Dumitrascul,Kindle,1
Nemesis Games,Book 5 of the Expanse (now a Prime Original series),James S. A. Corey,Kindle,1
Network Access Control For Dummies,,Jay Kelley,Physical,1
Network Certification Practice Questions Exam Cram 2 (Exam N10-003) (2nd Edition),,Charles J. Brooks,Physical,1
Network Effect,A Murderbot Novel (The Murderbot Diaries Book 5),Martha Wells,"Kindle, Audible",2
Network Exam Cram 2 (Exam Cram N10-002),,Mike Harwood,Physical,1
Network Intrusion Detection,,Stephen Northcutt,Physical,1
Network Warrior,Everything you need to know that wasn't on the CCNA exam,Gary A. Donahue,Physical,1
Neurotribes,The Legacy of Autism and How to Think Smarter About People Who Think Differently,Steve Silberman,Audible,1
"NEVER ABOVE, NEVER BELOW","AN ADVENTUROUS PURSUIT OF WAR, ESCAPE & DARKNESS",L.G. West,Kindle,1
"Never Go Back (Jack Reacher, Book 18)",,Lee Child,Kindle,1
Never Say Spy,A midlife thriller with humor and heart (The Never Say Spy Series Book 1),Diane Henders,Kindle,1
Never Split the Difference,Negotiating as if Your Life Depended on It,Chris Voss,"Kindle, Audible",2
New Sales. Simplified.,The Essential Handbook for Prospecting and New Business Development,Mike Weinberg,Physical,1
Nexus,,Ramez Naam,Kindle,1
Nexus,"The Sunday Times bestselling history about humans, technology and AI from the author of Sapiens",Yuval Noah Harari,"Kindle, Audible",2
"Nichelle Clarke Crime Thrillers, Books 1-3",Front Page Fatality / Buried Leads / Small Town Spin (Nichelle,Clarke B...,Kindle,1
Night (Night Series Book 1),,Casey Christie,Kindle,1
Night Dogs,,Kent Anderson,Physical,1
Night of the Assassin,(Assassin Series Prequel),Russell Blake,Kindle,1
Night Without Stars (Chronicle of the Fallers),,Winston Graham,Physical,1
Nine Lives (Sam Archer Book 1),,Tom Barber,Kindle,1
Nineteen Eighty-Four,,George Orwell,Kindle,1
Nineteen Eighty-four (Penguin Essentials),,George Orwell,Physical,1
No Cry For Help,,Grant McKenzie,Kindle,1
No Easy Day,The Only First-hand Account of the Navy Seal Mission that Killed Osama bin Laden,Mark Owen,Kindle,1
No Good Deed,A Psychological Thriller (The Mark Taylor Series Book 1),M.P. McDonald,Kindle,1
No Logo,,Naomi Klein,Physical,1
No Mean Soldier,,Peter Mcaleese,Physical,1
No More Fighting,The Relationship Book for Couples: 20 Minutes a Week to a Stronger Relationship Alicia,Murioz LPC,"Kindle, Audible",2
No One Ever Taught Me How to Learn,How to Unlock Your Learning Potential and Become Unstoppable (Master ...,I. C. Robledo,Kindle,1
No Way Back (Tom Reed Series Book 4),,Rick Mofina,Kindle,1
No Way Out,The Searing True Story of Men Under Siege Major,Adam Jowett,"Kindle, Audible",2
Noble Beginnings,A Thriller (Jack Noble Book 1),L.T. Ryan,Kindle,1
Noble House,,James Clavell,Physical,1
Noble Intentions (Jack Noble Book 4),,L.l. Ryan,Kindle,1
Nobody Walks,,Mick Herron,Kindle,1
Non-Bullshit Innovation,Radical Ideas from the World's Smartest Minds,David Rowan,Kindle,1
Northern Lights,His Dark Materials 1,Philip Pullman,"Physical, Kindle",2
Not for Queen and Country,,Edward Denmark,Physical,1
Not Till We Are Lost,Bobiverse Book 5,Dennis E Taylor,Kindle,1
Note to Self,A Seven-Step Path to Gratitude and Growth,Laurie Buchanan PhD,Kindle,1
"Nothing To Lose (Jack Reacher, Book 12)",,Lee Child,Kindle,1
O is for Outlaw (Kinsey Millhone Alphabet series Book 15),,Sue Grafton,Kindle,1
Oath of Office (a Luke Stone Thriller—-Book #2),,Jack Mars,Kindle,1
Obsidian Mastery,(Build a Personal Knowledge System that Scales),Marcus Reid,Kindle,1
Odyssey,(Greek Myths Book 4),Stephen Fry,Kindle,1
"Official (ISC)2 Guide to the CISSP CBK, Second Edition ((ISC)2 Press)| Corporate, (Isc)*, Steven Hernandez CISSP",,,Kindle,1
Old Man's War,,John Scalzi,Kindle,1
OMEGA,A Black Flagged Thriller (The Black Flagged Series Book 5),Steven Konkoly,Kindle,1
On Bullshit,,Harry G. Frankfurt,Physical,1
On Sacred Ground,"A 7,000-Mile Walk of Discovery into the Heart of Wild Nature (A 7,000 Walk of Discovery into the Heart of Wild Nature)",Andrew Terrill,Physical,1
On Target,Gray Man Series,Mark Greaney,Kindle,1
On the Road (Penguin 20th Century Classics),,Jack Kerouac,Physical,1
On the Shortness of Life Lucius,,Annaeus Seneca,Kindle,1
One Bad Apple (The Clar1ty Wars),,Patrick Todoroff,Kindle,1
One Day,,David Nicholls,Audible,1
One Hundred Things to Spot (Learn with Little Mouse),,,Physical,1
One Minute Out (Gray Man Book 9),,Mark Greaney,Kindle,1
One Way (Sam Archer Book 5),,Tom Barber,Kindle,1
Only The Paranoid Survive,,Andrew Grove,Physical,1
Open with a Close,The twelve point guide to closing more sales,Matthew Elwell,Physical,1
Operation Bounce House,THE EPIC AND FAST-PACED NOVEL FROM THE MILLION COPY BESTSELLING AUTHOR OF SMASH-HIT DUNGEON CRAWLER CARL,Matt Dinniman,"Kindle, Audible",2
OPERATION CHIFFON,,unknown author,Physical,1
Operation Destruct (Jonathan Anders Book 1),,Christopher Nicole,Kindle,1
Operation Sandworm,,Andy Greendere,Kindle,1
Operation Snakebite,The Explosive True Story of an Afghan Desert Siege Stephen Grey,,Kindle,1
Oppose Any Foe (A Luke Stone Thriller-Book 4),,Jack Mars,Kindle,1
Orconomics,(The Dark Profit Saga),J. Zachary Pike,"Kindle, Audible",2
"Organizing from the Inside Out, Second Edition","The Foolproof System For Organizing Your Home, Your Office and Your Life",Julie Morgenstern,Physical,1
Osama,"The first casualty of war is the truth, the second is your soul",Chris Ryan,Kindle,1
Outlaw (Rebel Stars Book 1),,Edward W. Robertson,Kindle,1
Outwalkersi,,Fiona Shaw,Kindle,1
"Oxford Paperback Dictionary, Thesaurus, and Wordpower Guide",New edition,Sara Hawker,Physical,1
P is for Peril (Kinsey Millhone Alphabet series Book 16),,Sue Grafton,Kindle,1
PALADINE,Paladine Political Thriller Series,Kenneth Fade,Kindle,1
Pandora's Star,(Commonwealth Saga Book 1),Peter F. Hamilton,"Kindle, Audible",2
Paradise,"Expeditionary Force, Book 3",Craig Alanson,Audible,1
Paradise (Expeditionary Force Book 3),,Craig Alanson,Kindle,1
Paris,,Adrift E. J. Swift,Kindle,1
Passenger 13 (Ben Hope eBook originals),,Scott Mariani,Kindle,1
Past Imperfect,One of the most gripping and original psychological-paranormal thrillers of all time (JM Action-Conspiracy Book 1),John Matthews,Kindle,1
Patriot,"The ""Mind Blowing"" Thriller You Need To Read. (Brooke Kinley Adventures",A.S. Bond,Kindle,1
Patriot Games,"An outstanding Jack Ryan thriller, now available in eBook for the very first time",Tom Clancy,Kindle,1
Pattern Black,,Sean Platt,Kindle,1
Pawnbroker,A Thriller,Jerry Hatchett,Kindle,1
Pay Off (Stephen Leather Novels Book 1),,Stephen Leather,Kindle,1
Penguin Great Ideas,On the Shortness of Life: Seneca,Seneca,Physical,1
Peoplewatching,The Desmond Morris Guide to Body Language,Desmond Morris,Physical,1
Perennial Seller,The Art of Making and Marketing Work that Lasts,Ryan Holiday,Physical,1
Perfect Assertiveness,,Jan Ferguson,Physical,1
Permutation City,"The incredible, mind-bending look at cyberspace, afterlife and immortality",Greg Egan,"Kindle, Audible",2
Persepolis Rising,Book 7 of the Expanse,James S.A. Corey,Kindle,1
Personal Development for Smart People,The Conscious Pursuit of Personal Growth,Steve Pavlina,Physical,1
Personal Protection (Dan Shepherd series Book 9),,Stephen Leather,Kindle,1
"Persuader (Jack Reacher, Book 7)",,Lee Child,Kindle,1
Persuasion,The Art of Influencing People,James Borg,Physical,1
Perverting the Course of Justice,The Hilarious and Shocking Inside Story of British Policing,Inspector Gadget,Physical,1
Pharaoh,,Wilbur Smith,Kindle,1
Phoenix,Policing The Shadows,Jack Holland,Physical,1
Photographing Children Photo Workshop,Develop Your Digital Photography Talent,Ginny Felch,Physical,1
Pivot,The Only Move That Matters Is Your Next One,Jenny Blake,Kindle,1
Planning and Fitting Kitchens (Do It),,Author,Physical,1
Platform,Get Noticed in a Noisy World,Michael Hyatt,Physical,1
PLAYING DOCTOR - Part One,Medical School: Stumbling through with amnesia,John Lawrence,Kindle,1
Playing to Win,How Strategy Really Works A.G.,Lafley,Kindle,1
Point Blanc (Alex Rider),,Anthony Horowitz,Physical,1
POINT OF CRISIS,A Post-Apocalyptic Survival Thriller (Alex Fletcher Book 4),Steven Konkoly,Kindle,1
Poke the Box,,Seth Godin,Kindle,1
Political Justice (A Marc Kadella Legal Mystery Book 7),,Dennis Carstens,Kindle,1
Pond Scum (Darkthorn Book 1),,Michael Lilly,Kindle,1
Post,A Byron Tibor Thriller,Sean Black,Kindle,1
Post-Human Omnibus,A Science Fiction Novel (Post-Human Series),David Simpson,Kindle,1
Powdered Gold,Templars and the American Ark of the Covenant (Templars in America Series Book 3),David S. Brody,Kindle,1
Powerless Winter,(Surviving the EMP Book 5),Ryan Casey,Kindle,1
Practical Memory,"A Simple Guide to Help You Remember More & Forget Less in Your Everyday Life (Master Your Mind, ... 1C.",Robledo,Kindle,1
Practical Tactical Quick Start Guide,,Randall S. Powers,Kindle,1
Praetorian (Eagles of the Empire 11),,Simon Scarrow,Kindle,1
Predatory Kill,A Lawyer Brent Marks Legal Thriller (Brent Marks Legal Thriller Series Book 2),Kenneth Eade,Kindle,1
Present Danger,Gripping spy thriller from former Head of MIS (Liz Carlyle),Stella Rimington,Kindle,1
Presentation Zen,Simple Ideas on Presentation Design and Delivery,Garr Reynolds,Physical,1
Presidential Shift (Corps Justice Book 4),,C. G. Cooper,Kindle,1
PRIMAL Origins,Starter Box Set (PRIMAL Series),Jack Silkstone,Kindle,1
PRIMAL Reckoning - PRIMAL Action Thriller Book 5 (Book 1 in the Redemption Trilogy) (The PRIMAL Series),,Jack Silkstone,Kindle,1
Primordia,In Search of the Lost World,Greig Beck,Kindle,1
Principles,Your Guided Journal (Create Your Own Principles to Get the Work and Life You Want),Ray Dalio,Physical,1
Principles for Dealing with the Changing World Order,Why Nations Succeed or Fail,Ray Dalio,Audible,1
Prisoner (Tales of the Phoenix Titan Book 3),,S.M. Warlow,Kindle,1
Prisoners of Geography,The Quiz Book: How Much Do You Really Know About the World? The perfect gift for any armchair traveller,Tim Marshall,Kindle,1
Private,(Private 1),James Patterson,Kindle,1
Private L.A.,(Private 7),James Patterson,Kindle,1
Productivity for Creative People,"How to Get Creative Work Done in an ""Always on"" World",,Kindle,1
Professionalism and Business Etiquette (Productivity Book 6),A Practical Guide,Sorin Dumitrascu,Kindle,1
Project Hail Mary,The Sunday Times bestseller from the author of The Martian,Andy Weir,Kindle,1
Project StrikeForce Kevin,,Lee Swaim,Kindle,1
Proxima,,Stephen Baxter,Kindle,1
Public Speaking Strategies,A Practical Guide (Career Book 10) sorin bumit ascu,,Kindle,1
Pulse,The third of the Cooch adventures in national security (The Cooch series of national security thrillers Book 3),Robert Cook,Kindle,1
Push,(Embrace Process to Unlock Your Potential),Andrew Brandt,Kindle,1
Python,4 Books in 1: Beginner's Guide + Tips and Tricks + Best Practices + Advanced Guide to Programming Code...,Charlie Masterson,Kindle,1
Q is for Quarry (Kinsey Millhone Alphabet series Book 17),,Sue Grafton,Kindle,1
Queen & Country,"The Definitive Edition, Vol. 1",Greg Rucka,Physical,1
Queen & Country,"The Definitive Edition, Vol. 2",Greg Rucka,Physical,1
Queen & Country Volume 6,Operation: Dandelion (Queen and Country (Graphic Novels)),Greg Rucka,Physical,1
Queen & Country Volume 8,Operation: Red Panda,Greg Rucka,Physical,1
"Queen & Country, Vol. 1",Operation Broken Ground,Greg Rucka,Physical,1
"Queen & Country, Vol. 2",Operation Morningstar,Greg Rucka,Physical,1
"Queen & Country, Vol. 3",Operation Crystal Ball,Greg Rucka,Physical,1
"Queen & Country, Vol. 3, Definitive Edition",,Greg Rucka,Physical,1
"Queen & Country, Vol. 4",Operation Blackwall,Greg Rucka,Physical,1
"Queen & Country, Vol. 4, Definitive Edition",,Greg Rucka,Physical,1
"Queen & Country, Vol. 5",Operation Stormfront,Greg Rucka,Physical,1
"Queen & Country, Vol. 7",Operation Saddlebag,Greg Rucka,Physical,1
Quiet,The Power of Introverts in a World That Can't Stop Talking,Susan Cain,"Kindle, Audible",2
Quinn Gets His Kicks (Liam Quinn Mysteries Book 2) lan,,Loome,Kindle,1
R is for Ricochet (Kinsey Millhone Alphabet series Book 18),,Sue Grafton,Kindle,1
Race Against The Machine,"How the Digital Revolution is Accelerating Innovation, Driving Productivity, and Irreversibly ...",Erik Brynjolfsson,Kindle,1
Radicalized,,Cory Doctorow,Kindle,1
Rain on the Dead,"An action-packed spy thriller (Sean Dillon Series, Book 21)",Jack Higgins,Kindle,1
Rainbow Six,The unputdownable thriller that inspired one of the most popular videogames ever created (John Clark Book 2),Tom Clancy,Kindle,1
Raise Your Game,High-Performance Secrets from the Best of the Best,Alan Stein Jr,"Kindle, Audible",2
Randomize (Forward collection),(forward Collection) AMAZON ONLY,Andy Weir,Kindle,1
Range,How Generalists Triumph in a Specialized World,David Epstein,Audible,1
Rapport,The Four Ways to Read People,Emily Alison,Kindle,1
Ratcatcher (John Purkiss Thriller Book 1),,Tim Stevens,Kindle,1
RATS (A NomaD Thriller Book 1) (NomaD Thriller Series),,Joe Klingler,Kindle,1
Read This Before Our Next Meeting,How We Can Get More Done,Al Pittampalli,Physical,1
Reading Street Atlas,,,Physical,1
Ready for Anything,52 Productivity Principles for Work and Life,David Allen,Physical,1
Ready Player One,,Ernest Cline,Kindle,1
Ready Player Two,The highly anticipated sequel to READY PLAYER ONE,Emest Cline,Kindle,1
Real Help,An Honest Guide to Self-Improvement,Ayodeji Awosika,"Kindle, Audible",2
Real Tigers,Slough House Thriller 3,Mick Herron,Kindle,1
Reamde,,Neal Stephenson,Kindle,1
Reason to Be Happy,Why logical thinking is the key to a better life,Kaushik Basu,Kindle,1
Reasons to Stay Alive,,Matt Haig,"Physical, Kindle, Audible",3
Rebel Ideas,"The Power of Diverse Thinking Matthew Syed, Matthew Syed",Consulting Ltd,Kindle,1
Recall,The Man Who Forgot Who He Was (Stephen Leather Novels Book 18),Stephen Leather,Kindle,1
Recalled to Life,A Historical Mystery and Thriller (The Sergeant Frank Hardy Mysteries Book 2),Wendy M. Wilson,Kindle,1
Reckless,Book 1 of the Mia Kazmaroff Mysteries (Mia Kazmaroff Mystery Series),Susan Kiernan-Lewis,Kindle,1
Recoil,(Nick Stone Thriller 9),Andy McNab,Kindle,1
Reconstruction,,Mick Herron,Kindle,1
Red Gold (A Gabe McKenna Mystery Book 1),,Robert D. Kidera,Kindle,1
Red Mars,A gripping future history sci-fi novel (Mars Trilogy Book 1) Kim,Stanley Robinson,Kindle,1
Red Notice,The electrifying thriller from the No. 1 bestseller (Tom Buckingham),Andy McNab,Kindle,1
Red Phoenix,,Larry Bond,Kindle,1
Red Phoenix (Thomas Caine Thrillers Book 3),,Andrew Warren,Kindle,1
Red Rising,,Pierce Brown,Audible,1
Red Rising (#1),Red Rising Series,Pierce Brown,Kindle,1
Red Star Down,"The most explosive spy thriller you'll read this year, for fans of MOSCOW X, I AM PILGRIM and SLOW HORSES",D. B. John,Kindle,1
Redshirts,The laugh out loud meta sci fi adventure,John Scalzi,"Kindle, Audible",2
REDUX,A Black Flagged Thriller (The Black Flagged Series Book 2),Steven Konkoly,Kindle,1
Reefer Madness,And Other Tales from the American Underground,Eric Schlosser,Physical,1
Remember the Mission,"Find Purpose, Create Direction, Embrace Life (It's A State Of Mind Book 1)",James Boardman,"Physical, Kindle",2
Remote,Office Not Required David,Heinemeier Hansson,Kindle,1
Remote Control,"(Nick Stone Thriller 1): The explosive, bestselling first book in the series",Andy McNab,Kindle,1
Replay,,Ken Grimwood,Audible,1
Resilience,10 habits to sustain high performance,Jo Owen,Physical,1
Resilience,Facing Down Rejection and Criticism on the Road to Success,Mark McGuinness,Physical,1
Resilience,Hard-Won Wisdom for Living a Better Life,Eric Greitens Navy SEAL,Physical,1
Resilient,12 Tools for transforming everyday experiences into lasting happiness Rick Hanson in quieten i May 2orce-,Rick Hanson,"Kindle, Audible",2
RESIST AND EVADE,A Post-Apocalyptic EMP Thriller (The Blue Lives Apocalypse Series Book 2),Lee West,Kindle,1
Resonate,Present Visual Stories that Transform Audiences,Nancy Duarte,Physical,1
Retribution,A Gripping Paranormal Thriller (The Psychic Detective Kate Pierce Crime Thriller Series Book 1),C. M. Sutter,Kindle,1
Return to Tomorrow (The Time Bubble Series Book 11),,Jason Ayres,Kindle,1
Rewire Your Mindset,"Own Your Thinking, Control Your Actions, Change Your Life!",Brian Keane,Physical,1
Rework,,,Physical,1
Rex Dalton Thrillers,Books 1-3 (The Rex Dalton Series Boxset Book 1),JC Ryan,Kindle,1
"Right Thing, Right Now",Good Values. Good Character. Good Deeds.,Ryan Holiday,"Physical, Kindle, Audible",3
Rip Tide,A Liz Carlyle novel (Liz Carlyle Novels Book 6),Stella Rimington,Kindle,1
Rise of the Enemy,A gripping international suspense thriller (The Enemy Series Book 2),Rob Sinclair,Kindle,1
Rising Strong,"The inspiring bestseller to help you create a life you love, from the author of Dare to Lead and The Gifts of Imperfection",Brené Brown,Audible,1
Rising Strong Brené Brown,,Brene Brown,Kindle,1
River God,The Egyptian Series 1 (Egypt Series),Wilbur Smith,Kindle,1
River of Gods,,lan Mcdonald,Kindle,1
Robogenesis (Robopocalypse series Book 2),,Daniel H. Wilson,Kindle,1
Robopocalypse (Robopocalypse series Book 1),,Daniel H. Wilson,Kindle,1
Rock Bottom (The Time Bubble Series Book 8),,Jason Ayres,Kindle,1
Roget's Thesaurus - Definitive Edition (Fully Searchable) Peter,,Mark Roget,Kindle,1
Roget's Thesaurus of English Words And Phrases,,Betty Kirkpatric,Physical,1
Roget's Thesaurus of English Words and Phrases Peter,,Mark Roget,Kindle,1
Rogets Thesaurus Of English Words And Phrases,New Edition,Various,Physical,1
Rogue Protocol,The Murderbot Diaries,Martha Wells,"Kindle, Audible",2
Rogue State,A Guide to the World's Only Superpower,William Blum,Physical,1
"Rogue wolves The Redaction Chronicles Book 3, James Ouinn.",,Loma Readi,Kindle,1
ROLLING THUNDER,An Historical Novel of War and Politics (Wings of War Book 1),Mark Berent,Kindle,1
Roque Wave Sam kelly book 4),,Christopher Cartwright,Kindle,1
Rough Diamonds,A Spider Shepherd short story (Dan Shepherd series Book 8),Stephen Leather,Kindle,1
Rough Justice,The Seventh Spider Shepherd Thriller,Stephen Leather,Kindle,1
Roy,The Most Chaotic Midlife Crisis in Cosmic History (Puki Horpocket Presents Book 1),Zachry Wheeler,Kindle,1
Royal Flash,,George MacDonald Fraser,Physical,1
Rule 34,,Charles Stross,Kindle,1
Rule by Secrecy,"Hidden History That Connects the Trilateral Commission, the Freemasons, and the Great Pyramids, The",Jim Marrs,Physical,1
Rules of Love,"A Personal Code for Happier, More Fulfilling Relationships",Richard Templar,Physical,1
Rules of Management,The Definitive Guide to Managerial Success,Richard Templar,Physical,1
"Rules of Work, Expanded Edition, The",A Definitive Code for Personal Success (Richard Templar's Rules),Richard Templar,Kindle,1
"Rules to Break, 3rd ed.",,Richard Templar,Physical,1
Run and Hide (An Eva Driscoll Thriller Book 1),,Alan McDermott,Kindle,1
Runner's World Book of Running for Beginners,,Amby Burfoot,Physical,1
Runner's World How to Make Yourself Poop,And 999 Other Tips All Runners Should Know,Meghan Kita,Physical,1
Running Black (Eshu International Book 1),,Patrick Todoroff,Kindle,1
Running Free,A Runner's Journey Back to Nature (Vintage Classics),Richard Askwith,Kindle,1
Running IPv6,,Iljitsch van Beijnum,Physical,1
Russian Hill,CC Trilogy Book 1 (Abby Kane FBI Thriller 3),Ty Hutchinson,Kindle,1
Russian Roulette,An Action-Packed Spider Shepherd SAS Novella (Spider Shepherd: SAS Book 4),Stephen Leather,Kindle,1
Ruthless,Book 6 of the Mia Kazmaroff Mysteries,Susan Kiernan-Lewis,Kindle,1
S is for Silence (Kinsey Millhone Alphabet series Book 19),,Sue Grafton,Kindle,1
"S.U.M.O (Shut Up, Move On)",The Straight-Talking Guide to Creating and Enjoying a Brilliant Life,Paul McGee,Audible,1
Safe Haven Refuge,Book 3 Angela White,,Kindle,1
Sales Bible,The Ultimate Sales Resource,Jeffrey Gitomer,Physical,1
Salvation (The Salvation Sequence),,Peter F. Hamilton,Physical,1
Sam Harris Adventure Box Set,Enthralling adventure with a female protagonist,PJ Skinner,Kindle,1
Same as Ever,"Timeless Lessons on Risk, Opportunity and Living a Good Life",Morgan Housel,"Kindle, Audible",2
Sams Teach Yourself Beginning Programming in 24 Hours,,Greg M. Perry,Physical,1
Sapiens,A Brief History of Humankind: The multi-million copy bestseller,Yuval Noah Harari,Kindle,1
SAS,Rogue Heroes,Ben Macintyre,Physical,1
SAS,Sea King Down,Mark Aston,Kindle,1
Satori,A Novel Based on Trevanian's Shibumi,Trevanian,Physical,1
SBS,The Inside Story of the Special,Boat Service,Kindle,1
Scarcity,A Black-Market Organ Trading FBI Thriller (Jack Randall Book 3),Randall Wood,Kindle,1
Scary Smart,The Future of Artificial Intelligence and How You Can Save Our World,Mo Gawdat,Audible,1
School of the Assassins,Pieter Durant Thriller Book 1 (Pieter Durant Series),W.K. Blais,Kindle,1
Scorpia,,Anthony Horowitz,Physical,1
Scorpia Rising (Alex Rider),,Anthony Horowitz,Physical,1
Scrum,The Art of Doing Twice the Work in Half the Time Jeff,Sutherland,Kindle,1
SDN,Software Defined Networks: An Authoritative Review of Network Programmability Technologies,Thomas D. Nadeau,Physical,1
Season Of The Harvest (Harvest Triloqy. Book 1),,Michael K. Hicks,Kindle,1
Secret Asset,(Liz Carlyle 2),Stella Rimington,Kindle,1
Secret of the Scroll (Greg McKenzie Mysteries Book 1),,Chester D. Campbell,Kindle,1
Secret Origin (Green Lantern),,Geoff Johns,Physical,1
Secret Service,The Sunday Times top ten bestseller,Tom Bradby,Kindle,1
Secret Victory,The Intelligence War that Beat the IRA,William Matchett,"Kindle, Audible",2
"Secrets & Lies (""Lies"" Mystery Thriller Series Book 4)",,Andrew Cunningham,Kindle,1
Secrets of the Stoics,How to Live an Undefeatable Life,Jason Hemlock,Kindle,1
Secrets to Parenting Without Giving a F^ck,The Non-Conformist Playbook to Raising Happy Kids Without Public .,Sue Donnellan,Kindle,1
Security Complete,,Hollis Thomases Jarboe; Mari Smith; Chris Treadaway Dave Evans Greg,Physical,1
Sei Assassin Thrillers,Books 1-3,Ty Hutchinson,Kindle,1
Selling in a Crisis,55 Ways to Stay Motivated and Increase Sales in Volatile Times,Jeb Blount,Audible,1
Selling To VITO (The Very Important Top Officer),,Anthony Parinello,Physical,1
Sense of Honour,,James Webb,Physical,1
Separation Of Power (#3),(Mitch Rapp Series),Vince Flynn,Kindle,1
Serenity Stalked (The Shelby Alexander Thriller Series Book 2),,Craig A. Hart,Kindle,1
Serial Date,A Leine Basso Thriller,D.V. Berkom,Kindle,1
SEVEN DAYS TO DIE,,MICHELLE KIDD,Kindle,1
Seven Unholy Days,Matt Decker Book 1,Jerry Hatchett,Kindle,1
Seven years Dead - A word war2 & espionage Thriller,,Chuck Driskell,Kindle,1
Sfu Green Lantern Corps #1,,Peter J. Tomasi,Physical,1
Shadowplay,A Memoir From Behind the Lines and Under Fire,Tim Marshal,Kindle,1
Shakedown,,Joel Goldman.,Kindle,1
She's Got the Guns (The Suite #45 Series Book 1),,M.O. Mack,Kindle,1
Sherlock Holmes,The Definitive Collection,Stephen Fry - introductions; Arthur Conan Doyle,Audible,1
Shibumi,,Trevanian,Physical,1
Shift,Book 2 of Silo (Wool Trilogy Series),Hugh Howey,"Kindle, Audible",2
shift 2020 - How Technology Will Impact Our Future,A collaborative book including foresights on how technology will ….. Rudy,De Waele,Kindle,1
Short Fuses (Four free short stories),,Stephen Leather,Kindle,1
Show Your Work!,10 Ways to Share Your Creativity and Get Discovered,Austin Kleon,Physical,1
Sicily (DK Eyewitness Top 10 Travel Guide),,,Physical,1
Silencer,(Nick Stone Thriller 15),Andy McNab,Kindle,1
Silent Night (Sam Archer Book 4),,Tom Barber,Kindle,1
Silent Source,A Medical Thriller James,Marshall Smith,Kindle,1
Simplify Your Life,"Waste Less, Value More, Go Minimalist",Mary Conroy,"Kindle, Audible",2
Singularity Sky,(Singularity Sky Book 1),Charles Stross,Kindle,1
Sins of the Father,A Logan Falcone Thriller Michael,Reid Jr,Kindle,1
Sins of the Past,A riveting suspense novel that keeps you guessing until the end (A Cooper and White Mystery Book 1),Julia Derek,Kindle,1
Site Reliability Engineering,How Google Runs Production Systems Niall,Richard Murphy,Kindle,1
Situation Room (a Luke Stone Thriller-Book #3),,Jack Mars,Kindle,1
Six Jonn Jordan Mysteries (Jonn Jordan Mysteries collections.,,Michael Listen,Kindle,1
Six Weeks To OMG Venice A,,Fulton,Kindle,1
Skeleton Key (Alex Rider),,Anthony Horowitz,Physical,1
Sketches from Afghanistan,,Matthew Cook,Physical,1
Skin in the Game (A Cain/Harper Thriller Book 1),,D. P. Lyle,Kindle,1
Skin in the Game lomas,,Byrne,Kindle,1
Skip Langdon Mystery Series Vol. 1-5,The Skip Langdon Mystery Anthologies Book 3,Julie Smithi,Kindle,1
Slater & Norman Mysteries Boxed Set 1 (Dave Slater Mystery Novel Box Sets),,PF Ford,Kindle,1
Slough House,Slough House Thriller 7,Mick Herron,Kindle,1
Slow Horses,Slough House Thriller 1,Mick Herron,Kindle,1
Slow Productivity,The Lost Art of Accomplishment Without Burnout,Cal Newport,Audible,1
Smart Like How. The Hidden Side of Career Success,,Christian Bonilla,Kindle,1
Smoke and Whispers,Zoe Boehm Thriller 4,Mick Herron,Kindle,1
Snakehead (Alex Rider),,Anthony Horowitz,Physical,1
Sniper One,'The Best I've Ever Read' - Andy McNab,Dan Mille,Kindle,1
Snow Crash,,Neal Stephenson,Kindle,1
SNOW! (SNOW TRILOGY Book 1),,Ryan Clifford,Kindle,1
So Good They Can't Ignore You,,Cal Newport,"Kindle, Audible",2
"Soft Selling in a Hard World, Plain Talk on the Art of Persuasion",,Jerry Vass,Kindle,1
Soft Target,The Second Spider Shepherd Thriller,Stephen Leather,Kindle,1
Software Defined Networking (SDN) - a definitive guide Rajesh,,Kumar Sundararajan,Kindle,1
Software Presales,An Introduction,Mervyn George,Kindle,1
Sold Out (Nick Woods Book 1),,Stan R. Mitchell,Kindle,1
Soldier,Respect Is Earned,Jay Morton,"Physical, Kindle, Audible",3
Soldiers,A History of Men in Battle,John Keegan,Physical,1
SOLOMON vs. LORD (Solomon vs. Lord Legal Thrillers Book 1),,Paul Levine,Kindle,1
Solve For Happy,Engineer Your Path to Joy,Mo Gawdat,"Kindle, Audible",2
Son of a Liche,(The Dark Profit Saga),J. Zachary Pike,"Kindle, Audible",2
Spam Nation,The Inside Story of Organized Cybercrime - from Global Epidemic to Your Front Door,Brian Krebs,Physical,1
Speaker for the Dead,Book 2 of the Ender Saga (The Ender Quartet series) Orson,Scott Card,Kindle,1
SpecOps,"Expeditionary Force, Book 2",Craig Alanson,Audible,1
SpecOps (Expeditionary Force Book 2),,Craid Alanson,Kindle,1
Spider's Web,Spider Shepherd Short Stories,Stephen Leather,Kindle,1
Spies of the Midnight Sun,A True Story of WWII Heroes (World War Two Series Book 3),Samuel Marquis,Kindle,1
Spilled Blood,,Brian Freeman,Kindle,1
SPIN®-Selling,,Neil Rackham,Physical,1
Splinters in Time (The Time Bubble Series Book 4),,Jason Ayres,Kindle,1
Spook Street,Slough House Thriller 4,Mick Herron,Kindle,1
Sputnik Sweetheart,,Haruki Murakami,Kindle,1
Squall,,Sean Costello,Kindle,1
Stakeknife,Britain's Secret Agents in Ireland,Greg Harkin,Kindle,1
Standing by the Wall,A Slough House Novella,Mick Herron,Kindle,1
Stanton,The Trilogy,Alex MacLean,Kindle,1
Star of Africa,"An explosive action adventure thriller from the Sunday Times bestselling author (Ben Hope, Book 13)",Scott Marianil,Kindle,1
Starship Troopers,,Robert A. Heinlein,Physical,1
Start Now. Get Perfect Later.,,Rob Moore,Kindle,1
Station Eleven,"the immersive, evocative bestselling modern classic (Picador Collection) Emily St.",John Mandel,Kindle,1
"Stay Alive, My Son",,Pin Yathay,Physical,1
Steal This Computer Book,What They Won't Tell you About the Internet,Wallace Wang,Physical,1
Steamborn (Steamborn Series Book 1),,,Kindle,1
Steel Force,"A Jack Steel Action Mystery Thriller, Book 1 (A Jack Steel Thriller Series)",Geoffrey Saign,Kindle,1
Steel Trap,"A Jack Steel Action Mystery Thriller, Book 4 (A Jack Steel Thriller)",Geoffrey Saign,Kindle,1
Still Not Bionic,Adventures In Unremarkable Ultrarunning,Tra Kalney,"Kindle, Audible",2
Stillness Is the Key,"An Ancient Strategy for Modern Life (The Way, the Enemy and the Key)",Ryan Holiday,"Physical, Kindle, Audible",3
Stoicism,How to Use Stoic Philosophy to Find Inner Peace and Happiness,Jason Hemlock,Kindle,1
STOICISM,The Simplistic Timeless Stoic Art of Better Living with Ancient Wisdom,Maya Bennett,Kindle,1
Stoicism and the Art of Happiness,"Practical wisdom for everyday life: embrace perseverance, strength and happiness",Donald Robertson,Kindle,1
Stop Doing That Sh*t,,,Audible,1
Stop Doing That Shit,,Gary John Bishop,Kindle,1
Stop Reading the News,"A Manifesto for a Happier, Calmer and Wiser Life",Rolf Dobelli,"Physical, Kindle, Audible",3
Storage Area Networks For Dummies,,Christopher Poelker,Physical,1
Storm Front,"The Epic True Story of a Secret War, the SAS's Greatest Battle, and the British Pilots Who Saved Them",Rowland White,Physical,1
Stormbreaker (Alex Rider),,Anthony Horowitz,Physical,1
Story of Philosophy,The Lives and Opinions of the Greater Philosophers Will,Durant,Kindle,1
Storytelling for Business,(Business Communication Skills Book 3),Philipp Humm,Kindle,1
Strangers To Superfans,A Marketing Guide to The Reader Journey (Let's Get Publishing Book 2),David Gaughran,Kindle,1
Stray Cat Blues,A Mystery Crime Thriller (Max Plank Mystery Series Book 1),Robert Bucchianeri,Kindle,1
StreetCreds 2nd edition (The CurbCheK Series),,Zach Fortier,Kindle,1
Strengths Based Parenting,Developing Your Children's Innate Talents,Mary Reckmeyer Ph.D.,Physical,1
StrengthsFinder 2.0,,Gallup,Physical,1
STRENGTHSFINDER 2.0,By the New York Times Bestselling Author of Wellbeing,Tom Rath,Kindle,1
Stress Fracture (Dub Walker Book 1),,D.P. Lyle,Kindle,1
StrikeForce Reborn (Project StrikeForce Book 4) Kevin,,Lee Swalm,Kindle,1
Stumbling on Happiness,,Daniel Gilbert,"Physical, Kindle",2
Stupid White Men,...and Other Sorry Excuses for the State of the Nation,Michael Moore,Physical,1
Sub-Human (Book 1),A Science Fiction Novel (Post-Human Series),David Simpson,Kindle,1
Success Through a Positive Mental Attitude,,Napoleon Hill,Physical,1
Suicide Run,Three Harry Bosch Stories,Michael Connelly,Kindle,1
Summer Frost (Forward collection),(forward Collection) AMAZON ONLY,Blake Crouch,Kindle,1
Summer People (Ray Elkins Thriller Series),,Aaron Stander,Kindle,1
Super Colossal Reacher Universe Bundle Volume 1,,Jude Hardin,Kindle,1
Super Thinking,Upgrade Your Reasoning and Make Better Decisions with Mental Models,Gabriel Weinberg,Kindle,1
Supercrunchers,,Ian Ayres,Physical,1
Superintelligence,"Paths, Dangers, Strategies",Nick Bostrom,"Kindle, Audible",2
Supertide,,Steven F. Freeman,Kindle,1
Surface Tension,A Seychelle Sullivan Novel (South Florida Adventure Series Book 1),Christine Kling,Kindle,1
Survival,After It Happened Book 1,Devon C. Ford,Kindle,1
SURVIVE AND ESCAPE,A Post-Apocalyptic EMP Thriller (The Blue Lives Apocalypse Series Book 1),Lee West,Kindle,1
Surviving the Blackout,(Surviving the EMP Book 4),Ryan Casey,Kindle,1
Surviving the End,Books One to Three,Grace Hamilton,Kindle,1
"Surviving The Evacuation, Book 0.5",Zombies vs The Living Dead,Frank Tayell,Kindle,1
"Surviving The Evacuation, Book 1",London,Frank Tayell,Kindle,1
"Surviving The Evacuation, Book 2",Wasteland,Frank Tayell,Kindle,1
"Surviving The Evacuation, Book 3",Family,Frank Tayell,Kindle,1
"Surviving The Evacuation, Book 4. Unsafe Haven",,Frank Tavell,Kindle,1
"Surviving The Evacuation, Book 5",Reunion,Frank Tavell,Kindle,1
Surviving The Evacuation. Book 6,Harvest,Frank Tavell,Kindle,1
Surviving The Evacuation. Book 7,Home,Frank Tavell,Kindle,1
Swan Song,,Robert McCammon,Kindle,1
Swan Song,,Robert R. McCammon,Audible,1
Sweet Sweet Revenge Ltd.,,Jonas Jonasson,Audible,1
Switch,,Grant McKenzie,Kindle,1
Switch,How to change things when change is hard,Chip Heath,Kindle,1
Sydney Rye Mysteries Books 4-6 (Sydney Rye Mysteries Box Sets Book 2),,Emily Kimelman,Kindle,1
Sympathy for the Devil,,Kent Anderson,Physical,1
System Collapse,The Murderbot Diaries,Martha Wells,"Kindle, Audible",2
T is for Trespass (Kinsey Millhone Alphabet series Book 20),,Sue Grafton,Kindle,1
Tahoe Ghost Boat (An Owen McKenna Mystery Thriller Book 12),,Todd Borg,Kindle,1
Tai-Pan,The Second Novel of the Asian Saga,James Clavell,Physical,1
Take A Number (The Jeri Howard Series Book 3),,Janet Dawson,Kindle,1
Tango One (Stephen Leather Novels Book 14),,Stephen Leather,Kindle,1
Tanzi's Heat (Vince Tanzi Book 1),,C.I. Dennis,Kindle,1
Tao Te Ching (Unabridged and Illustrates),,Lao Tzu,Kindle,1
Task Force Black,The explosive true story of the SAS and the secret war in Iraq,Mark Urban,Physical,1
"Teach Yourself Algebra, 4th edn (Tye)",,P. Abbott,Physical,1
Teach Yourself Networking in 24 Hours,,Matt Hayden,Physical,1
Team of Teams,New Rules of Engagement for a Complex World,,Audible,1
Ten Times Happier,A guide on how to let go of what's holding you back from the bestselling author of TEN TO ZEN,Owen O'Kane,Kindle,1
Tentacles and Teeth (Land of Szornyek Book 1),,Ariele Sieling,Kindle,1
Terms of Enlistment (Frontlines Book 1),,Marko Kloos,Kindle,1
Test your own aptitude,,Jim Barrett,Physical,1
Testament,,Wilbur Smith,Kindle,1
"Thailand, Malaysia and Singapore (Independent Traveller's Thailand, Singapore, & Malaysia)",,Thomas Cook Publishing,Physical,1
That Little Voice In Your Head,Adjust the Code that Runs Your Brain,Mo Gawdat,"Kindle, Audible",2
The,,Republic Plato,Kindle,1
The 1% Rule,How to Fall in Love with the Process and Achieve Your Wildest Dreams,Tommy Baker,"Kindle, Audible",2
The 25 Sales Habits of Highly Successful Salespeople,,Stephan Schiffman,Kindle,1
The 4 Disciplines of Execution,Revised and Updated: Achieving Your Wildly Important Goals,Sean Covey,"Kindle, Audible",2
The 4 Disciplines of Execution,Revised and Updated: Achieving Your Wildly Important Goals,Chris McChesney; Sean Covey; Jim Huling; Scott Thele; Beverly Walker,Audible,1
The 4 Minute Millionaire,"44 Lessons to Rethink Money, Invest Wisely, and Grow Wealthy in 4 Minutes a Day",Niklas Göke,Kindle,1
The 4-Hour Chef,"The Simple Path to Cooking Like a Pro, Learning Anything, and Living the Good Life",Timothy Ferriss,Kindle,1
The 4-Hour Work Week,"Escape the 9-5, Live Anywhere and Join the New Rich",Timothy Ferriss,Audible,1
The 5 Second Rule,"Transform Your Life, Work, and Confidence with Everyday Courage",Mel Robbins,Kindle,1
The 50th Law (The Modern Machiavellian Robert Greene Book 1) 50,,Cent,Kindle,1
The 5th Wave (Book 1),,Rick Yancey,Kindle,1
The 6 Most Important Decisions You'll Ever Make,A Guide for Teens: Updated for the Digital Age,Sean Covey,Physical,1
The 7 Habits of Highly Effective People,The Infographics Edition,Stephen R. Covey,"Kindle, Audible",2
The 7 Habits of Highly Effective Teens Workbook,,Sean Covey,Physical,1
The 8th Habit,From Effectiveness to Greatness,Stephen R. Covey,Physical,1
The Abyss Beyond Dreams (Chronicle of the Fallers),,Peter F. Hamilton,Physical,1
The Accidental Further Adventures of the Hundred-Year-Old Man,,Jonas Jonasson,"Kindle, Audible",2
The Accidental Superpower,Ten Years On,Peter Zeihan,Kindle,1
The Achievement Habit,"Stop Wishing, Start Doing, and Take Command of Your Life",Bernard Roth,Kindle,1
The Advocate,Legal Suspense Murder Mystery (The Advocate Series Book 1),Teresa Burrell,Kindle,1
The Advocate's Dilemma,Legal Suspense Murder Mystery (The Advocate Series Book 4),Teresa Burrell,Kindle,1
The Advocate's Homicides,Legal Suspense Murder Mystery (The Advocate Series Book 8),Teresa Burrell,Kindle,1
The Advocate's Illusion,Legal Suspense Murder Mystery (The Advocate Series Book 9),Teresa Burrell,Kindle,1
"The Affair (Jack Reacher, Book 16)",,Lee Child,Kindle,1
The Afrika Reich,,Guy Saville,Kindle,1
The After War,(Book One of The After War Series),Brandon Zenner,Kindle,1
The Ajax Protocol (The Project Book 7),,Alex Lukemani,Kindle,1
The Alchemist's Secret,"The gripping thriller from the Sunday Times bestselling author (Ben Hope, Book 1)",Scott Mariani,Kindle,1
The Alex Vane Media Thrillers,Books 1-3,A.C. Fuller,Kindle,1
The Almanack of Naval Ravikant,A Guide to Wealth and Happiness,Eric Jorgenson,Kindle,1
THE AMBASSADOR'S WIFE (THE INSPECTOR SAMUEL TAY NOVELS Book 1),,Jake Needham,Kindle,1
The Amber Rooms (The Saskia Brandt Series Book Three) lan,,Hocking,Kindle,1
The Amber Spyglass,His Dark Materials 3,Philip Pullman,"Physical, Kindle",2
The Angolan Clan,A gripping international action thriller! (African Diamonds Trilogy Book 1),Christopher Lowery,Kindle,1
The Anomaly,,Hervé Le Tellier,Kindle,1
The Anonymous Source (An Alex Vane Media Thriller Book 1),,A. Filller,Kindle,1
The Answer,,Barbara Pease,Physical,1
The Anthology of Balaji,"A Guide to Technology, Truth, and Building the Future",Eric Jorgenson,Kindle,1
The Anti-Planner,"How to Get Sh*t Done When You Don't Feel Like It - Creative ADHD Planner Alternative for Adults, 100+ Productivity Tools to Beat Procrastination, Burnout Stress & Anxiety Relief",Dani Donovan,Physical,1
The Antidote,Happiness for People Who Can't Stand Positive Thinking,Oliver Burkeman,Physical,1
The Arkyn Project,,S.G. Yu,Kindle,1
"The Armada Legacy (Ben Hope, Book 8)",,Scott Mariani,Kindle,1
The Arrest,,Jonathan Lethem,Kindle,1
The Art of Community,Building the New Age of Participation (Theory in Practice),Jono Bacon,Physical,1
The Art of Deception - Controlling the Human Element of Security,,KD Mitnick,Physical,1
The Art of Focus,3 Easy Steps to Build A Life You Love and Control Your Time,Curtis McHale,Kindle,1
The Art of Focus,"Find Meaning, Reinvent Yourself and Create Your Ideal Future",Dan Koe,"Kindle, Audible",2
The Art of Happiness,A Handbook for Living,Dalai Lama,"Kindle, Audible",2
The Art of Living,"The Classical Mannual on Virtue, Happiness, and",Effectiveness Epictetus,Kindle,1
The Art of Persuasion,Winning Without Intimidation,Bob Burg,Kindle,1
The Art of Possibility,Transforming Professional and Personal Life,Rosamund Stone Zander,Physical,1
The Art of Product Management,Lessons from a Silicon Valley Innovator,Rich Mironov,Physical,1
The Art of Resilience,Strategies for an Unbreakable Mind and Body,Ross Edgley,"Physical, Kindle",2
The Art of Running,Raising Your Performance with the Alexander Technique,Andrew Shields,Physical,1
The Art of Spending Money,Simple Choices for a Richer Life,Morgan Housel,Audible,1
The Art of the Good Life,Clear Thinking for Business and a Better Life,Rolf Dobelli,"Kindle, Audible",2
The Art of Thinking Clearly,The Secrets of Perfect Decision-Making Rolf Dobelli l,,"Kindle, Audible",2
The Art of War,,Sun-tzu,Physical,1
The Art of War (Wisehouse Classics Edition),,Sun Tzu,Kindle,1
The Art of Writing,Four Principles for Great Writing that Everyone Needs to Know,Peter Yang,"Kindle, Audible",2
The Assassin's List,An Adam Drake novel (The Adam Drake Series Book 1),Scott Matthews,Kindle,1
The Atlantis Stone,,NicK Thacker,Kindle,1
The Atomic Times,My H-Bomb Year at the Pacific Proving Ground,Michael Harris,Kindle,1
The Atrocity Archives (Book 1 in The Laundry Files),,Charles Stross,Kindle,1
The Authority Gap,"Why women are still taken less seriously than men, and what we can do about it",Mary Ann Sieghart,Kindle,1
The Bach Manuscript,"The gripping crime thriller from the Sunday Times bestselling author (Ben Hope, Book 16)",Scott Mariani,Kindle,1
The Back Door Man,,Dave Buschi,Kindle,1
The Ballad of Songbirds and Snakes,"TikTok made me buy it! (the latest blockbuster, bestselling Hunger Games novel): A Hunger Games Novel) (The Hunger Games)",Suzanne Collins,Kindle,1
The Bear and the Dragon,"A classic, heart-racing Tom Clancy thriller (Jack Ryan Book 8)",Tom Clancy,Kindle,1
The Becoming (The Becoming Series Book 1),,Jessica Meigs,Kindle,1
The Beginner's Guide to Stoicism,Tools for Emotional Resilience and Positivity Matthew,Van Natta,"Kindle, Audible",2
The Bestseller,A psychological thriller that will keep you guessing (Stephen Leather Novels Book 8),Stephen Leather,Kindle,1
The Big Switch,"Rewiring the World, from Edison to Google",Nicholas Carr,Physical,1
The Black Bullet (Sean O'Brien),,Tom Lowe,Kindle,1
The Black Death,A History From Beginning to End (Pandemic History) Hourly History,,Kindle,1
The Black Orchestra (WW2 spy thriller),,JJ Toner,Kindle,1
The Blackwell Files,"Volumes I, II, & III",Steven F. Freeman,Kindle,1
The Bloody British,A Well-Meaning Guide to an Awkward Nation,Paul Hawkins,Kindle,1
The Body,A Guide for Occupants,Bill Bryson,Audible,1
The Bombmaker (Stephen Leather Novels Book 12),,Stephen Leather,Kindle,1
The Book Thief,,Markus Zusak,Physical,1
The Book You Wish Your Parents Had Read (and Your Children Will Be Glad That You Did),THE #1 SUNDAY TIMES BESTSELLER,Philippa Perry,Physical,1
The Bookseller Of Kabul,The International Bestseller - 'An intimate portrait of Afghani people quite unlike any other' SUNDAY TIMES,Asne Seierstad,Physical,1
The Boy Who Would Be King,,Ryan Holiday,Physical,1
The Breakers Series,Books 1-3,Edward W. Robertson,Kindle,1
The British Military Quartet,"Four gripping thrillers in one must-read box set: Let Not The Deep, King's Shilling, Long Re... Mike Lunnon-Wood",,Kindle,1
The Bullet Journal Method,"Track Your Past, Order Your Present, Plan Your Future",Ryder Carroll,"Physical, Kindle, Audible",3
The Business Book,Big Ideas Simply Explained,Dorling Kindersley,Kindle,1
The Business Book Of Coaching,Your Ultimate Guide to a 7-Figure Coaching Business,Ajit Nawalkha,Kindle,1
The Butcher's Masquerade,Dungeon Crawler Carl Book 5,Matt Dinniman,"Kindle, Audible",2
The Cairo Vendetta,A Sean Wyatt Archaeological Thriller (Prequel) (Sean Wyatt Historical Mysteries Book 9),Ernest Dempsey,Kindle,1
The Cardinal of the Kremlin,An electrifying Jack Ryan thriller that will have your heart racing,Tom Clancy,Kindle,1
The Cassandra Sanction,"The most controversial action adventure thriller you'll read this year! (Ben Hope, Book 12)",Scott Marianil,Kindle,1
The Catch,A Slough House Novella,Mick Herron,Kindle,1
The Catcher in the Rye,,J. D. Salinger,Physical,1
The Cauldron,"The classic, biographical war novel based on true stories from WW2",Zeno,Kindle,1
The Cave Paperback -- 3 May 2018,,Rob Hodgson,Physical,1
The Centurions,,Jean Larteguy,Kindle,1
The Challenger Sale,How To Take Control of the Customer Conversation,Matthew Dixon,Kindle,1
THE CHAMPION SELL,The 5 E.L.I.T.E. Sales Habits to Building and Winning with Buyer Champions,Richard Rivera,"Kindle, Audible",2
The Chimp Paradox,"The Acclaimed Mind Management Programme to Help You Achieve Success, Confidence and Happi... Professor",Steve Peters,"Kindle, Audible",2
The Chinaman,The 1992 Breakout Thriller From Stephen Leather (Stephen Leather Novels Book 4),Stephen Leather,Kindle,1
The Choice,A Surprising New Message of Hope,Og Mandino,Physical,1
The City and Its Uncertain Walls,,Haruki Marukumi,Kindle,1
The Clean Eating 28-Day Plan,A Healthy Cookbook and 4-Week Plan for Eating Clean,Rockridge Press,Kindle,1
The Closing (Whippoorwill Hollow Book 1),,Ken Oder,Kindle,1
The Coelho Medallion,A Dan Kotler Archaeological Thriller,Kevin Tumlinson,Kindle,1
The Communication Book,44 Ideas for Better Conversations Every Day,Mikael Krogerus,Kindle,1
The Complete Donavan Adventure Series,Books 1 - 6 lom,Haase,Kindle,1
The Complete Guide to Residential Letting,The Smart Landlord's Guide to Renting Out Property,Tessa Shepperson,Physical,1
The Complete Jake Samson Mystery Series Vol 1-6,With Bonus Book--Torch Song: A Dystopian Thriller! (The Jake Sams...,Shelley Singer,Kindle,1
The Complete Peas and Carrots Collection,Books 1-6 (The Peas and Carrots Series),Hannah Lynn,Kindle,1
The Complete Robot (Robot Series),(Robot Series),Isaac Asimov,Kindle,1
The Complete Strategy Collection,"The Art of War by Sun Tzu, The Prince by Niccolò Machiavelli, The Book of Five Rings, The Analects by Confucius, Tao Te Ching by Lao Tzu, Arthashastra & Many More Classic Works",Niccolò Machiavelli; Sun Tzu; Miyamoto Musashi; Confucius; Laozi; Kautilya; Napoleon Bonaparte; Frederick the Great; Julius Caesar,Audible,1
The Complete Strategy Collection - A Modern Translation - Adapted for the Contemporary Reader,"The Art of War, The Prince, The Book of Five Rings, On War and Arthashastra",,Kindle,1
The Concise Mastery (The Robert Greene Collection),,Greene Robert,Physical,1
The Content Fuel Framework,How to Generate Unlimited Story Ideas (For Marketers and Creators),,Kindle,1
The Corps Justice Series,Books 1-3 (The Corps Justice Series Box Set Book 1),C. G. Cooper,Kindle,1
The Courage to Be Disliked,"How to Free Yourself, Change Your Life and Achieve Real Happiness",,Audible,1
The Courage to Be Happy,True Contentment is Within Your Power,,Audible,1
The Courage To tbe Happy,True Contentment I Within Your Power (Courage To series),Ichiro Kishimi,Kindle,1
The Creek Killer (Harriet Harper Thriller) Dominika Best,,,Kindle,1
The Crime Beat,New,York A.C. Fuller,Kindle,1
The Crowns Vengeance (Parker Chase Book 2),,Andrew Clawson,Kindle,1
The Cruel Prince (A Novel of Elfhame),Where TikTok's Faerie Obsession Began (The Folk of the Air Book 1),Holly Black,Kindle,1
The Crusader's Cross,From the Sunday Times bestselling author comes an unmissable new Ben Hope thriller (Ben…..,Scott Mariani,Kindle,1
The Daily Dad,"366 Meditations on Parenting, Love, and Raising Great Kids",Ryan Holiday,"Kindle, Audible",2
The Daily Laws,366 Meditations from the author of the bestselling The 48 Laws of Power,Robert Greene,"Kindle, Audible",2
The Daily Stoic,"366 Meditations on Wisdom, Perseverance, and the Art of Living",Ryan Holiday,Kindle,1
The Dan Roy Series,Books 1-3: The Dan Roy Series Boxed Set,Mick Bose,Kindle,1
The Dark Forest (The Three-Body Problem Book 2),,,Kindle,1
The Dead Man (Jack Davis Thrillers Book 2),,Joel Goldman,Kindle,1
The Dead Room (The Dead Room Trilogy Book 1),,SM Erickson,Kindle,1
The Deadly Game,,Will Britten,Kindle,1
The Death Cure,,James Dashner,Physical,1
The Death of Grass,,John Christopher,Physical,1
The Debt Collector - 1 (A Jack Winchester Thriller),,Jon Mills,Kindle,1
The Defendants,A page-turning legal thriller (Thaddeus Murfee Legal Thriller Series Book 1),John Ellsworth,Kindle,1
The Demon Club,Don't miss the unforgettable new Ben Hope thriller from the Sunday Times best seller (Ben Hop...,Scott Mariani|,Kindle,1
The Depths,A Technothriller,Nick Thacker,Kindle,1
The Detective's Daughter,A gripping Sunday Times crime club thriller to lose yourself in (The Detective's Daughter Seri….,Lesley Thomson,Kindle,1
The Devil and Miss Prym,,Paulo Coelho,Physical,1
The Devil's Due,An International Thriller (The Blackwell Files Book 5),Steven F. Freeman,Kindle,1
The Devil's Kingdom,The heart-stopping action adventure thriller from the Sunday Times bestselling author (Ben Hop...,Scott Mariani,Kindle,1
The Diamond Age,,Neal Stephenson,Kindle,1
The Dice Man,,Luke Rhinehart,Physical,1
The Dig,An Archeological Mystery (The Blackwell Files Book 9),Steven F. Freeman,Kindle,1
The Digital Doctor,"Hope, Hype, and Harm at the Dawn of Medicine's Computer Age",Robert Wachter,Physical,1
The Dip,,Seth Godin,Audible,1
The Dirty War,,Anna Politkovskaya,Physical,1
The Dispatcher Ryan,,David Jahn,Kindle,1
The Doomsday Prophecy,The pulse-pounding apocalyptic suspense thriller from the Sunday Times bestselling author (…..,Scott Mariani,Kindle,1
The Doors of Eden,An exhilarating voyage into extraordinary realities from a master of science fiction,Adrian Tchaikovsky,Kindle,1
The Double Tap (Stephen Leather Novels Book 9),,Stephen Leather,Kindle,1
The Dragons and the Snakes,How the Rest Learned to Fight the West,David Kilcullen,Physical,1
The Dreaming Void (The Void Trilogy),,Peter F. Hamilton,Physical,1
The Drop & The List,A Slough House Novella,Mick Herron,Kindle,1
The Drowned World,,J. G. Ballard,Kindle,1
The Dungeon Anarchist's Cookbook,Dungeon Crawler Carl Book 3,Matt Dinniman,"Kindle, Audible",2
The Easy Way to Stop Smoking,,Allen Carr,Audible,1
The Easy Yoga Workbook,,Tara Fraser,Physical,1
The Elements of Style,,William Jr. Strunk,Physical,1
"The Encyclopedia of Country Living, 50th Anniversary Edition",The Original Manual for Living off the Land & Doing It Yourself,Carla Emery,Physical,1
The End of All Things,The Old Man's War Series,John Scalzi,Kindle,1
The End of All Things Part 1,The Life of the Mind,John Scalzil,Kindle,1
The End of All Things Part 2,This Hollow Union,John Scalzi,Kindle,1
The End of All Things Part 3,Can Long Endure,John Scalzi,Kindle,1
The End of the World is Just the Beginning,Mapping the Collapse of Globalization,Peter Zeihan,"Kindle, Audible",2
The End of the World Running Club Adrian,,J Walker,Kindle,1
The End of the World Survivors Club Adrian,,J Walker,Kindle,1
"The Enemy (Jack Reacher, Book 8)",,Lee Child,Kindle,1
The Enigma Strain,A Fast-Paced Action Thriller (Harvey Bennett Thrillers Book 1)I,Nick Thacker,Kindle,1
The Essential Management Toolbox,"Tools, Models and Notes for Managers and Consultants",Simon Burtonshaw-Gunn,Kindle,1
The Evolution of Evil,An International Medical Thriller (The Blackwell Files Book 6),Steven F. Freeman,Kindle,1
The Evolutionary Void,,Peter F. Hamilton,Physical,1
The Exonerated Trilogy,,JC Ryan,Kindle,1
The Eye of Shiva (The Project Book 8),,Alex Lukeman,Kindle,1
The Eye of the Bedlam Bride,Dungeon Crawler Carl Book 6,Matt Dinniman,"Kindle, Audible",2
The Eyewitness (Stephen Leather Novels Book 15),,Stephen Leather,Kindle,1
The Falklands War,There and Back Again: The Story of Naval Party 8901,Mike Norman,Kindle,1
The Fall (Burning Skies Book 1),,Devon C. Ford,Kindle,1
The Fellowship of the Ring,,J. R. R. Tolkien,Physical,1
The Fight For Your Life (The Fight Mentality Series Book 1),,William Bourne,Kindle,1
The Financial Well Being Book,Creating Financial Peace of Mind (Concise Advice),Chris Budd,Physical,1
The Fireman (Stephen Leather Novels Book 2),,Stephen Leather,Kindle,1
The First 90 Days,Critical Success Strategies for New Leaders at All Levels,Michael Watkins,Kindle,1
The First Aid Survival Tin (Survivor Series Book 3),,Anson Bond,Kindle,1
The First Fifteen Lives of Harry August,The word-of-mouth bestseller you won't want to miss,Claire North,Kindle,1
The First Shot (Lieutenant Kane - Dedicated to Death Series Book 1),,E.H. Reinhard,Kindle,1
The First Time Manager's Handbook. by Morey Stettner (Mighty Manager),,Morey Stettner,Physical,1
The First-Time Manager,,Loren B. Belker,Kindle,1
The Five conversations About Money that will Radically Change your Life,,vanessa stoykov,Kindle,1
The Flashman,,George MacDonald Fraser,Physical,1
The Forgotten Coast Florida Suspense Series,Books 1-4 Dawn,Lee McKenna,Kindle,1
The Forgotten Holocaust,"An unmissable historical crime thriller by the Sunday Times bestselling author (Ben Hope, Bo...",Scott Mariani,Kindle,1
The Forgotten Soldier,,Guy Sajer,Physical,1
The Foundation,Jack Emery 1,Steve P. Vincent,Kindle,1
The Foundation (Jack Emery Conspiracy Thrillers Book 1),,Steve P. Vincent,Kindle,1
The Four Agreements,A Practical Guide to Personal Freedom (A Toltec Wisdom Book),Don Miguel Ruiz,Kindle,1
The Four Steps to the Epiphany,,Steve Blank,Kindle,1
The Fourth Pularchek,A Novel of Suspense (A Nick Lassiter-Skyler Thriller Book 3),Samuel Marquis,Kindle,1
The Freeman Files Series,Books 1-3 (The Freeman Files Box Set),Ted Tayler,Kindle,1
The Future of Feeling,Building Empathy in a Tech-Obsessed World,Kaitlin Ugolik Phillips,Audible,1
The Future of Feeling,Building Empathy in a Tech-Obsessed World Kaitlin,Ugolik Phillips,Kindle,1
The Future of Geography,How Power and Politics in Space Will Change Our World,Tim Marshall,Audible,1
The Gate of the Feral Gods,Dungeon Crawler Carl Book 4,Matt Dinniman,"Kindle, Audible",2
The Geneva Trap,A Liz Carlyle novel (Liz Carlyle Novels Book 7),Stella Rimington,Kindle,1
The German Half-Bloods (The Half-Bloods Series Book 1),,Jana Petken,Kindle,1
The Getaway (Sam Archer Book 2),,Tom Barber,Kindle,1
The Ghost Brigades (Old Man's War Book 2),,John Scalzi,Kindle,1
The Ghost Pattern,An edge of your seat medical thriller (Alex Hoffmann Book 4),Leslie Wolfe,Kindle,1
The Go-Giver,"A Little Story About a Powerful Business Idea Bob Burg, John David Mann",Bob Burg,Kindle,1
The Golden Library,"(Ben Hope, Book 29)",Scott Mariani,Kindle,1
The Good Enough Parent,"How to raise contented, interesting, and resilient children",Life of School The,Physical,1
The Good Life Blueprint Series,Volume 1-3,Patrik Fabiad,Kindle,1
The Good Life Handbook,Epictetus' Stoic Classic Enchiridion,Chuck Chakrapani,Kindle,1
The Good Soldier,Jack Noble Early Years Bundle (Noble Beginnings & A Deadly Distance),L.I. Ryan,Kindle,1
The Good Son,A Suspense Thriller (A Reed & Billie Novel Book 2),Dustin Stevens,Kindle,1
The Grave Man - A Sam Prichard Mystery (A Sam Prichard Mystery Thriller Book 1) David Archer t,,,Kindle,1
The Graveyard Shift,A Horror Comedy (24/7 Demon Mart Book 1),D.M. Guay,Kindle,1
The Gray Man,Gray Man Series,Mark Greaney,Kindle,1
The Great Gatsby (Arcturus Ornate Classics),,F. Scott Fitzgerald,Physical,1
The Great Mental Models,Economics and Art,Shane Parrish,Kindle,1
The Great Mental Models Volume 1,General Thinking Concepts,Shane Parrish,Kindle,1
The Great Mental Models Volume 2,"Physics, Chemistry and Biology",Shane Parrish,Kindle,1
The Great Mental Models Volume 3,Systems and Mathematics,Rhiannon Beaubien,Kindle,1
The Greatest Salesman in the World,,Og Mandino,Physical,1
"The Greatest Salesman in the World, Part 2",The End of the Story,Og Mandino,Physical,1
The Greatest Secret in the World,,Og Mandino,Physical,1
The Greatness Mindset,Unlock the Power of Your Mind and Live Your Best Life Today,Lewis Howes,Physical,1
The Grifter's Daughter Series Vol 1-3,Three Dani Silver Thrillers,Duane Lindsay,Kindle,1
The Habit Mechanic,"Fine-Tune Your Brain and Supercharge How You Live, Work, and Lead",Jon Finn,"Physical, Kindle, Audible",3
The Happiest Man on Earth,The Beautiful Life of an Auschwitz Survivor,Eddie Jaku,Physical,1
The Happiness Hypothesis,Putting Ancient Wisdom to the Test of Modern Science,Jonathan Haidt,"Kindle, Audible",2
The Hard Way,"Adapt, Survive and Win",Mark 'Billy' Billingham,Kindle,1
"The Hard Way (Jack Reacher, Book 10)",,Lee Child,Kindle,1
The healthy habit revolution. The step by step blueprint to create better habits in 5 Minutes a Day,,Derek Doepker,Kindle,1
The Heart is the Bottleneck,Praxis Volume 3,Tiago Forte,Kindle,1
The Heart to Start,Stop Procrastinating & Start Creating (Getting Art Done Book 1),David Kadavy,Kindle,1
The Heisenberg Legacy (Sam Reilly Book 11),,Christopher Cartwright,Kindle,1
The Heretic (Beyond the Wall Book 1),,Lucas Bale,Kindle,1
"The Heretic's Treasure (Ben Hope, Book 4)",,Scott Mariani|,Kindle,1
The Hidden Man,A gripping spy action crime thriller from the Sunday Times bestselling author,Charles Cumming,Kindle,1
The Hidden Potential of DNS In Security,"Combating Malware, Data Exfiltration, and more",Joshua Kuo,Kindle,1
The Highly Sensitive Child,A comprehensive parenting guide for raising confident and capable children,Elaine N. Aron,Kindle,1
The Hitchhiker's Guide to the Galaxy,,Douglas Adams,Kindle,1
"The Holy Bible, English Standard Version (with Cross-References)",Old and New Testaments,ESV Bibles,Kindle,1
The HP Way,How Bill Hewlett and I Built Our Company (Collins Business Essentials),David Packard,Physical,1
The Human Division,The Old Man's War Series,John Scalzi,Kindle,1
The Humans,,Matt Haig,Kindle,1
The Hundred-Year-Old Man Who Climbed Out of the Window and Disappeared,,Jonas Jonasson,"Kindle, Audible",2
The Hungarian (The Cold War Chronicles Book 2),,Victoria Dougherty,Kindle,1
The Hunger Games (The Hunger Games 1),,Suzanne Collins,Kindle,1
The Hunt for Red October,A heart-pounding military thriller set in the Cold War (Jack Ryan Book 3),Tom Clancy,Kindle,1
The Hunted,A Dystopian Action Adventure Thriller (Black Carbon Book 1),A.J. Scudiere,Kindle,1
The Ice Chasm (Harvey Bennett Thrillers Book 3),,Nick Thacker,Kindle,1
The Inca Con,A Rex Dalton Thriller (K9 Thrillers Book 5),JC Ryan,Kindle,1
The Inevitable,Understanding the 12 Technological Forces That Will Shape Our Future,Kevin Kelly,"Kindle, Audible",2
The Information,"A History, a Theory, a Flood",James Gleick,Kindle,1
The Innocent,A startlingly prescient novel,lan McEwan,Kindle,1
The Innocent (Ryan Lock Book 5),,Sean Black,Kindle,1
The Innovator's Dilemma,When New Technologies Cause Great Firms to Fail (Management of Innovation and Change),Clayton M. Christensen,Physical,1
The Internet of Intelligent Things,Your Guide to The Connected Future,Dave Evans,Kindle,1
The Inverted Pyramid (An Alex Vane Media Thriller Book 2),,A.C. Fuller,Kindle,1
The Irish End Games. Books 1-3,,Susan Kiernan-Lewis,Kindle,1
THE JAKARTA PANDEMIC,A Post-Apocalyptic Survival Thriller (Alex Fletcher Book 1),Steven Konkoly,Kindle,1
The Jake Fonko Series,"Books 1, 2 & 3 B.",Hesse Pflingger,Kindle,1
The Jake Fonko Series,"Books 4, 5 & 6 B.",Hesse Plungger,Kindle,1
The Jeeves Omnibus - Vol 1,(Jeeves & Wooster) (Jeeves Omnibus Collection),P. G. Wodehouse,Kindle,1
The Jefferson Legacy (Harvey Bennett Thrillers Book 4),,Nick Thacker,Kindle,1
The Jungle is Neutral,The Epic True Story of One Man's War Behind Enemy Lines F,Spencer Chapman,Kindle,1
The Junior Officers' Reading Club,(Killing Time and Fighting Wars),Patrick Hennessey,Kindle,1
The Kaiju Preservation Society,Shortlisted for the 2023 Hugo Award for Best Novel,John Scalzi,Kindle,1
The Key to Happiness,How to Find Purpose by Unlocking the Secrets of the World's Happiest People,Meik Wiking,Kindle,1
The Key to Justice (A Marc Kadella Legal Mystery Book 1),,Dennis Carstens,Kindle,1
The Kill Order (Maze Runner Series),,James Dashner,Physical,1
The Know Circuit (The Bridge Chronicles Book 2) Gary A,,Ballard,Kindle,1
The Lance (The Project Book 2),,Alex Lukeman,Kindle,1
The Last Alchemist,,Erik Hamre,Kindle,1
The Last Colony (Old Man's War Book 3),,John Scalzi,Kindle,1
The Last Family in England,,Matt Haig,Audible,1
The Last Fight,(Surviving the EMP Book 3),Ryan Casey,Kindle,1
The Last Firewall (Singularity Series Book 3),,William Hertling,Kindle,1
The Last Journalist (An Alex Vane Media Thriller Book 5),,A.C. Fuller,Kindle,1
The Last Librarian (The Justar Journal Book 1),,Brandt Legg,Kindle,1
The Last Survivors,A Dystopian Society in a Post Apocalyptic World Bobby,Adair,Kindle,1
The Last Voice You Hear,Zoe Boehm Thriller 2,Mick Herron,Kindle,1
The Last Witness (Lou Mason Thrillers Book 2),,Joel Goldman,Kindle,1
The Last Word,Tales from the Tip of the Mother Tongue,Ben Macintyre,Physical,1
THE LATCH MAN,DCI Blizzard investigates old rivalries that've resulted in murder (DCI John Blizzard Book 8),John Dean I,Kindle,1
The Laws of Human Nature,,Robert Greene,Audible,1
The Lawyer,A Legal Thriller (Michael Gresham Legal Thrillers),John Ellsworth,Kindle,1
The Lazarus Principle (l),,Robert Dowell,Kindle,1
The Lean Startup,The Million Copy Bestseller Driving Entrepreneurs to Success,Eric Ries,Kindle,1
The Legion,(Eagles of the Empire 10),Simon Scarrow,Kindle,1
The Lessons of History Will,,Durant,Kindle,1
The Life Impossible,,Matt Haig,Kindle,1
The Life-Changing Magic of Not Giving a F**k,How to stop spending time you don't have doing things you don't want to do with people you don't like (A No F*cks Given Guide) Sarah Knight,,Kindle,1
"The Lion, The Lamb, The Hunted (A Patrick Bannister Psychological Thriller Book 1)",,Andrew E. Kaufman,Kindle,1
The Little Book of Gratitude,Create a life of happiness and wellbeing by giving thanks,Dr. Robert A. Emmons PhD,Physical,1
The Little Book of Stoicism,"Timeless Wisdom to Gain Resilience, Confidence, and Calmness",Jonas Salzgeber,"Physical, Kindle, Audible",3
The Long Distance Walkers Handbook,The LDWA Directory of Long Distance Walks (Travel),Barbara Blatchford,Physical,1
The Long Earth,Long Earth 1),Terry Pratchet; Steven Baxter,Kindle,1
The Long Mars,(Long Earth 3) (The Long Earth),Stephen Baxter,Kindle,1
The Long Midnight of Barney Thomson (Barney Thomson Book 1),,Douglas Lindsay,Kindle,1
The Long Shot (Stephen Leather Novels Book 7),,Stephen Leather,Kindle,1
The Long War,(Long Earth 2) (The Long Earth),Stephen Baxter,Kindle,1
The Lord of the Rings 2. The Two Towers,,John Ronald Reuel Tolkien,Physical,1
"The Lost Relic (Ben Hope, Book 6)",,Scott Mariani,Kindle,1
The Luck Theory (The Mandelbrot Files Book 1),,Erik Hamre,Kindle,1
The Machine Stops [Classic Tales Edition],,E. M. Forster,Audible,1
The Man in the High Castle (Penguin Modern Classics),,Philip K. Dick,Kindle,1
The Mandibles,"A Family, 2029-2047: The unputdownable Sunday Times bestselling satirical political fiction novel",Lionel Shriver,Kindle,1
The Manual,A Philosopher's Guide to Life,Epictetus,"Kindle, Audible",2
The Manual,Epictetus' Guide to Stoic Philosophy (PhilosoComics Book 3),Sam Torode,Kindle,1
The Marketing Plan Handbook,Develop Big-Picture Marketing Plans for Pennies on the Dollar,Robert W. Bly,Physical,1
"The Martyr's Curse (Ben Hope, Book 11)",,Scott Mariant,Kindle,1
The Meditations,An Emperor's Guide to Mastery,Marcus Aurelius,"Kindle, Audible",2
The Meditations of Marcus Aurelius (Shambhala Pocket Library),,Marcus Aurelius,Physical,1
The Meditations of Marcus Aurelius (Shambhala Pocket Library),,George Long,Physical,1
The Meditations of Marcus Aurelius (Wisehouse Classics Edition),,Marcus Aurelius,Kindle,1
The Mercy of Gods,(The Captives War),James S.A. Corey,Kindle,1
The Mind-Changing Habit of Journaling,"A Guided Journal for Self-Exploration, Self-Care, and Re-Discovering Your Self-Worth",Zoe McKey,Audible,1
The Minimalist Home,"A Room-by-Room Guide to a Decluttered, Refocused Life",Joshua Becker,Kindle,1
The Ministry for the Future,,Kim Stanley Robinson,Kindle,1
The Miracle Equation,You Are Only Two Decisions Away From Everything You Want,Hal Elrod,"Kindle, Audible",2
The Miracle Morning,The 6 Habits That Will Transform Your Life Before 8AM,Hal Elrod,Kindle,1
The Miracle Morning for Salespeople Companion Guide,The Fastest Way to Take Your SELF and Your SALES to the Next Level (The Miracle Morning Book Series) (Volume 2),Hal Elrod,Physical,1
The Mockingbird Drive (An Alex Vane Media Thriller Book 3),,A.C. Fuller,Kindle,1
The Modern Grandparents' Guide,With a foreword from Michael Palin,Jackie Hione,Kindle,1
The Moonlight Chronicles,A Wandering Artist's Journal,Dan Price,Physical,1
The Moscow Cipher,"The chilling action thriller from the Sunday Times bestselling author (Ben Hope, Book 17)",Scott Mariani,Kindle,1
The Moscow Sleepers,A Liz Carlyle Thriller,Stella Rimington,Kindle,1
The Motivation Myth,How High Achievers Really Set Themselves Up to Win,Jeff Haden,"Kindle, Audible",2
The Mozart Conspiracy,The gripping action-packed suspense novel from the Sunday Times bestselling author (Ben Ho...,Scott Mariani,Kindle,1
The Murder Store,A Wallace Mack Thriller (Wallace Mack Serial Killer Thrillers Book 2),Dan Ames,Kindle,1
The Naked God,Nights Dawn Book 3,Peter F Hamilton,"Physical, Kindle, Audible",3
The Nano Flower (Greg Mandel),,Peter F. Hamilton,Physical,1
The Napoleon of Crime,From the number one bestselling author of Operation Mincemeat & Agent Zig-Zag: xiv,Ben Macintyre,Physical,1
The National 3 Peaks,Taking Up The Challenge,Steve Williams,Physical,1
The Navigator (The Apollo Stone Series Book 1),,P.M. Johnson,Kindle,1
The Near Death Experience,a gripping legal thriller with a twist you won't see coming. (Thaddeus Murfee Thrillers Book 9),John Ellsworth,Kindle,1
The Nemesis Program,"An unputdownable crime suspense thriller by the Sunday Times bestselling author (Ben Hope, B... …can",Mariant,Kindle,1
The Neutronium Alchemist,Nights Dawn Book 2,Peter F. Hamilton,"Kindle, Audible",2
The Neutronium Alchemist (Night's Dawn Trilogy),,Peter F. Hamilton,Physical,1
The New Children's Encyclopedia,,Dorling Kindersley,Physical,1
The New Evolution Diet,"The Smart Way to Lose Weight, Feel Great and Live Longer",Arthur De Vany,Physical,1
The New kingdom,,Wilbur Smith,Kindle,1
The New Leader's 100-Day Action Plan,"How to Take Charge, Build Your Team, and Get Immediate Results",George B. Bradt,Kindle,1
The New Manager's Handbook,24 Lessons for Mastering Your New Role (The McGraw-Hill Professional Education Series),Morey Stettner,Kindle,1
The New Rules of Marketing and PR,"How to Use Social Media, Blogs, News Releases, Online Video, and Viral Marketing to Reach Buyers Directly",David Meerman Scott,Physical,1
The Next 100 Years,A Forecast for the 21st Century,George Friedman,Physical,1
The Next Decade,Where We've Been ….. and Where We're Going,George Friedman,Kindle,1
The Night Manager,(Penguin Modern Classics),John le Carré,Kindle,1
The Ninth District,An FBI Thriller (Book 1) Douglas Dorow,,Kindle,1
The Nostradamus File (The Project Book 6),,Alex Lukeman,Kindle,1
The Nostradamus Traitor (Herbie Kruger Book 1),,John Gardner,Kindle,1
The Obstacle Is the Way,The Timeless Art of Turning Trials into Triumph,Ryan Holiday,"Physical, Kindle",2
The Official ARRSE Guide to the British Army,,Major Des Astor,Physical,1
The One That Got Away,The legendary true story of an SAS man alone behind enemy lines,Chris Ryan,Kindle,1
The One Thing,The Surprisingly Simple Truth Behind Extraordinary Results:,Gary Keller,"Kindle, Audible",2
The Operators,,James Rennie,Physical,1
The Organized Mind,"The Science of Preventing Overload, Increasing Productivity and Restoring Your Focus",Daniel J. Levitin,Kindle,1
The Other 8 Hours,Maximize Your Free Time to Create New Wealth & Purpose,Robert Pagliarini,Physical,1
The Other Pilot (Boyd Chailland Book 1),,Ed Baldwin,Kindle,1
The Oxford Minidictionary,,Joyce M. Hawkins,Physical,1
The Pandemic Plot,"The unmissable new Ben Hope thriller from the Sunday Times best seller (Ben Hope, Book 23)",Scott Mariani,Kindle,1
The Paradise Key (Harvey Bennett Thrillers Book 5),,Nick Thacker,Kindle,1
THE PERFECT INTERVIEW,,,Physical,1
The Peripheral,,William Gibson,Kindle,1
THE PERSEID COLLAPSE,A Post-Apocalyptic Survival Thriller (Alex Fletcher Book 2,Steven Konkoly,Kindle,1
The Philosophy Book,"Big Ideas Simply Explained (DK Big Ideas Will Buckingham, Peter J. King, Douglas Burnham, Marcus Weeks, Clive Hill, John",Marenbon,Kindle,1
The Phoenix Project,"A Novel About IT, DevOps, and Helping Your Business Win",Gene Kim,Kindle,1
The Phoenix Series,Books 1-3 (The Phoenix Series Boxset Book 1),Ted Tayler,Kindle,1
The Pinocchio Brief,A Burton & Lamb Case (Burton & Lamb Thrillers Book 1),Abi Silver,Kindle,1
The Places In Between,,Rory Stewart,Physical,1
The Player Of Games,(Culture series Book 2),Iain M. Banks,Kindle,1
The Power of Character Strengths,Appreciate and Ignite Your Positive Personality,Ryan M. Niemiec; Robert E. McGrath,Audible,1
The Power of Discipline,How to Use Self Control and Mental Toughness to Achieve Your Goals,Daniel Walter,Kindle,1
The Power of Geography,Ten Maps That Reveal the Future of Our World,Tim Marshall,Audible,1
The Power of Less,The Fine Art of Limiting Yourself to the Essential...in Business and in Life,Leo Babauta,Physical,1
The Power Of Positive Thinking Norman,,Vincent Peale,Kindle,1
The Power of Story,"Change Your Story, Change Your Destiny in Business and in Life",Jim Loehr,Physical,1
The Practice of Groundedness,A Transformative Path to Success That Feeds--Not Crushes--Your Soul,Brad Stulberg,Physical,1
The Praetorians,,Jean Larteguy,Kindle,1
The Presentation Coach,Bare Knuckle Brilliance For Every Presenter,Graham G. Davies,Physical,1
The Pretender's Gold,Don't miss the next unputdownable Ben Hope thriller from the Sunday Times bestseller (Be...,Scott Mariani,Kindle,1
The Price of Time,,Tim Tigner,Kindle,1
The Prince of the Marshes,And Other Occupational Hazards of a Year in Iraq,Rory Stewart,Physical,1
The Prisoner's Throne,"A Novel of Elfhame, from the author of The Folk of the Air series",Holly Black,Kindle,1
The Product Book,"How to Become a Great Product Manager Product School, Carlos González de",Villaumbrosia,Kindle,1
The Profiler (The Munro Family Series Book 1),,Chris Taylor,Kindle,1
The Prophet,,Kahlil Gibran,"Physical, Audible",2
THE PROPHET (Wisehouse Classics Edition),,Khalil Gibran,Kindle,1
The Prophet khalil,,Gibran,Kindle,1
The Prospecting Game,"How to Follow-Up & Sponsor with Confidence, Turning Rejection into Success in Network Marketing",Wes Linden,Kindle,1
The Protector (A Sydney Valentine Mystery Book 1),,Danielle L. Davis,Kindle,1
"The Protocol (A James Acton Thriller, Book #1) (James Acton Thrillers) J.",,Robert Kennedy,Kindle,1
The Psychology of Money,"Timeless lessons on wealth, greed, and happiness",Morgan Housel,Kindle,1
The Purpose Myth,"Change the world, not your job",Charlotte Cramer,Kindle,1
The Pursuit of Happiness,"Discovering the Pathway to Fulfillment, Well-Being, and Enduring Personal Joy",David G. Myers,Physical,1
The Pursuit of Micro Success,A Guide to Small Online Ventures that can provide Big Psychological and Financial B...,Ivica Milaric,Kindle,1
The Qualified Sales Leader,Proven Lessons from a Five Time CRO,John McMahon,"Kindle, Audible",2
The Queen of Nothing (A Novel of Elfhame),Where TikTok's Faerie Obsession Began (The Folk of the Air Book 3),Holly Black,Kindle,1
The Quest,The Egyptian Series 4 (Egypt Series),Wilbur Smith,Kindle,1
The Quiet American,,Graham Greene,Kindle,1
The Quiet Soldier,,Adam Ballinger,Kindle,1
The Racketeer,The edge of your seat thriller everyone needs to read,John Grisham,Kindle,1
The Raven,,Edgar Allan Poe,Kindle,1
The Reacher Experiment Books 1-3 (A Reacher Universe Collection Volume 1),,Jude Hardin,Kindle,1
The Reality Dysfunction,1/3 (Night's Dawn Trilogy),Peter F. Hamilton,"Physical, Audible",2
The Reality Dysfunction (Nights Dawn Book 1),,Peter f. Hamilton,Kindle,1
The Rebel's Revenge,"A thrilling crime novel from the Sunday Times bestselling author (Ben Hope, Book 18)",Scott Mariani,Kindle,1
The Recruiter (A Thriller) (The Ames Standalone Thrillers Collection Book 3),,Dan Ames,Kindle,1
The Red Cobra (James Ryker Book 1),,Rob Sinclair,Kindle,1
The Reed Ferguson Series,Box Set 1-3 (A Private Investigator Mystery Series - Crime Suspense Thriller Boxset Book 1),Renee Pawlish,Kindle,1
"The Return of the King (Lord of the Rings, Part 3)",,J. R. R. Tolkien,Physical,1
The Richest Man in Babylon,,George S. Clason,"Kindle, Audible",2
The Rise of the Ultra Runners,A Journey to the Edge of Human Endurance,Adharanand Finn,Physical,1
The Road,Winner of the Pulitzer Prize for Fiction (Picador Collection),Cormac McCarthy,"Kindle, Audible",2
The Road to Character,,David Brooks,"Kindle, Audible",2
The Rossler Foundation Mysteries,,JC Ryan,Kindle,1
The Rough Guide to Barcelona 6 (Rough Guide Travel Guides),,DK,Physical,1
The Rough Guide to Hip-Hop (Rough Guide Music Reference),,Peter Shapiro,Physical,1
The Rough Guide to Tunisia 6 (Rough Guide Travel Guides),,Daniel Jacobs,Physical,1
The Royal British Legion,90 Years of Heroes,Matt Croucher,Physical,1
The Rules of Life,"A personal code for living a better, happier, more successful kind of life (The Rules Series)",Richard Templar,Physical,1
The Rules of Parenting,,Richard Templar,Physical,1
The Rules of People,A personal code for getting the best from everyone,Richard Templar,Physical,1
The Rules of Thinking,"A personal code to think yourself smarter, wiser and happier",Richard Templar,Physical,1
The Rules of Wealth,,Richard Templar,Physical,1
The Rules of Work,A Definitive Code for Personal Success,Richard Templar,Physical,1
The Runner's Code,The Unwritten Rules of Everyday Running BEST BOOKS OF 2021: SPORT -- WATERSTONES,Chas Newkey-Burden,Physical,1
The Sacred Sword,"The gripping action crime thriller from the Sunday Times bestselling author (Ben Hope, Book 7)",Scott Mariani,Kindle,1
The Saints of Salvation (The Salvation Sequence),,Peter F. Hamilton,Physical,1
The Sales Advantage,"How to Get It, Keep It, and Sell More Than Ever",J. Oliver Crom,"Physical, Audible",2
The Sam Reilly Collection,,Christopher Cartwright,Kindle,1
The Samurai Cipher,A Sean Wyatt Archaeological Thriller (Sean Wyatt Historical Mysteries Book 8),Emest Dempsey,Kindle,1
The Sandpit,An Action-Packed Spider Shepherd SAS Novella (Spider Shepherd: SAS Book 1),Stephen Leather,Kindle,1
The SAS survival handbook,,John Wiseman,Physical,1
The Sasha McCandless Series,Volume 1 (Books 1-3) (The Sasha McCandless Box Set Series),Melissa F. Miller,Kindle,1
The Scars of War,,Hugh McManners,Physical,1
The School of Life,An Emotional Education Alain,De Botton,"Kindle, Audible",2
The Science of Self-Learning,"How to Teach Yourself Anything, Learn More in Less Time, and Direct Your Own Edu...",Peter Hollins,Kindle,1
The Science of Storytelling,"Why Stories Make Us Human, and How to Tell Them Better Will",Storr,"Kindle, Audible",2
The Scorch Trials (Maze Runner Series),,James Dashner,Physical,1
The Second World War,Alone,Sir Winston Churchill,Audible,1
The Second World War,Milestones to Disaster,Winston Churchill,Audible,1
The Second World War,The Grand Alliance,Sir Winston Churchill,Audible,1
The Second World War,Triumph and Tragedy,Sir Winston Churchill,Audible,1
"The Secret Commonwealth (The book of dust, 2)",,Philip Pullman,Physical,1
The Secret Life of Walter Mitty,,James Thurben,Kindle,1
The Secret to Everything,How to Live More and Suffer Less,Neel Burton,Kindle,1
The Self Help Book,6 Practical Ways to Never Stop Growing,Jared Graybeal,Physical,1
The Self-Driven Child,The Science and Sense of Giving Your Kids More Control Over Their Lives,William Stixrud PhD,Physical,1
The Senator,A Blake Jordan Thriller (The Blake Jordan Series Book 1),Ken Fite,Kindle,1
The Seven Decisions,Understanding the Keys to Personal Success,Andy Andrews,"Physical, Kindle, Audible",3
The Seventh Scroll,The Egyptian Series 2 (Egypt Series),Wilbur Smith,Kindle,1
The Shadow Broker (Mr. Finn Book 1),,Trace Conger,Kindle,1
The Shadow Project,"The pulse-pounding suspense crime thriller from the Sunday Times bestselling author (Ben Hope, …..",Scott Mariani,Kindle,1
The Shallows,"How the Internet is Changing the Way We Think, Read, and Remember",Nicholas Carr,Physical,1
The Shock Doctrine,The Rise of Disaster Capitalism,Naomi Klein,Physical,1
The Shortest History of England,,James Hawes,Physical,1
The Side Hustle (The 509 Crime Stories Book 1),,Colin Conway,Kindle,1
The Silent Guides,"How to understand and develop children's emotions, thinking and behaviours",Professor Steve Peters,Kindle,1
The Silver Serpent,"The unmissable Ben Hope thriller from the Sunday Times best selling author (Ben Hope, Book...",Scott Mariani,Kindle,1
The Simple Path to Wealth,"Your Road Map to Financial Independence and a Rich, Free Life",JL Collins,Audible,1
The Singularity Is Near,When Humans Transcend Biology,Ray Kurzweil,Physical,1
The Sinqularity is Nearer,When We Merge with Al,Ray Kurzwell,Kindle,1
The Skincare Bible,Your No-Nonsense Guide to Great Skin Dr.,Anjali Mahto,Kindle,1
The Socratic Way Of Questioning,How To Use Socrates' Method To Discover The Truth And Argue Wisely,Thinknetic,Kindle,1
The Solid-State Shuffle (Sunken City Capers Book 1),,Jeffrey A. Ballard,Kindle,1
The Solitary Man (Stephen Leather Novels Book 10),,Stephen Leather,Kindle,1
The Solomon Scroll (The Project Book 10),,Alex Lukeman,Kindle,1
The Spanish Game,The explosive political spy thriller novel (Alec Milius Book 2),Charles Cumming,Kindle,1
The Specialist,Books 1 - 3 (The Specialist Omnibus),John Cutter,Kindle,1
The Speed of Trust,The One Thing that Changes Everything,Stephen M. R. Covey,Physical,1
The Spy and the Traitor,The Greatest Espionage Story of the Cold War,Ben Macintyre,Physical,1
The Stand Stephen King,,,Kindle,1
The Stoic Challenge,"A Philosopher's Guide to Becoming Tougher, Calmer, and More Resilient",William B. Irvine,Audible,1
The Stoic Guide to a Happy Life,53 Brief Lessons for Living,,Audible,1
The Stolen Heir,"A Novel of Elfhame, The No 1 Sunday Times Bestseller 2023 (The Folk of the Air Book 5)",Holly Black,Kindle,1
The Storm Before the Calm,"America's Discord, the Coming Crisis of the 2020s, and the Triumph Beyond",George Friedman,Kindle,1
The Story of Philosophy,The Lives and Opinions of the Greater Philosophers,Will Durant,Audible,1
The StorySelling Method,"Master The Art Of Storytelling To Build Trust, Stand Out, And Boost Sales (Storytelling for Business Book 1)",Phillipp Humm,Kindle,1
The Stretch (Stephen Leather Novels Book 13),,Stephen Leather,Kindle,1
The Subtle Art of Not Giving a F*ck,A Counterintuitive Approach to Living a Good Life (Mark Manson Collection B...,Mark Manson,"Kindle, Audible",2
The Subtle Knife,His Dark Materials 2,Philip Pullman,"Physical, Kindle",2
The Sum of All Fears,A high-stakes page-turner from the King of the political thriller (Jack Ryan Book 5),Tom Clancy,Kindle,1
The Supernova Era,,Cixin Liu,Kindle,1
The Survival Tin,The Survival Kit You Can Carry in Your,Pocket M. Anderson,Kindle,1
The Survivors,Pandemic,Alex Burns,Kindle,1
The survivors (Life After war book l) Angela White,,,Kindle,1
The Technological Singularity,,Murray Shanahan,Audible,1
The Templar Secret,"(Ben Hope, Book 30)",Scott Mariani,Kindle,1
The Temporal Void (Void Trilogy),,Peter F. Hamilton,Physical,1
The Tesla Secret (The Project Book 5),,Alex Lukeman,Kindle,1
The Things They Carried (Flamingo),,Tim O'Brien,Physical,1
The Third Industrial Revolution,"How Lateral Power Is Transforming Energy, the Economy, and the World",Jeremy Rifkin,Kindle,1
The Third Option (#2),(Mitch Rapp Series),Vince Flynn,Kindle,1
The Third Policeman,,Flann O'Brien,Physical,1
The Thirty-Nine Steps,Authorised Edition (The Richard Hannay Adventures),John Buchan,Physical,1
"The Three Arks (Comet Clement series, #4)",,Kevin George,Kindle,1
The Three-Body Problem,,Cixin Liu,Kindle,1
The Time Bubble,,Jason Ayres,Kindle,1
The Tools,5 Life-Changing Techniques to Unlock Your Potential -- The Sunday Times Bestseller,Phil Stutz,"Kindle, Audible",2
The Traveler's Gift,Seven Decisions that Determine Personal Success,Andy Andrews,"Physical, Kindle, Audible",3
THE TRAVELLER'S HANDBOOK,,Miranda (editor). Haines,Physical,1
The Trial Lawyer,a gripping legal thriller with a twist that will keep you guessing (Thaddeus Murfee Legal Thriller Serie...,John Ellsworth,Kindle,1
The Trinity Six,An exciting spy crime thriller filled with action from the Sunday Times bestselling author,Charles Cumming,Kindle,1
The Tropic of ROUTE 66,,,Physical,1
The Trusted Advisor,,David H. Maister,Kindle,1
The Tube,,Riders: Underground,Kindle,1
The Tudor Deception,"(Ben Hope, Book 28)",Scott Mariani,Kindle,1
The Tunnel Rats (Stephen Leather Novels Book 11),,Stephen Leather,Kindle,1
The Turing Exception (Singulanty Series Book 4),,William Hertlind,Kindle,1
THE U.S.S. CUNNINGHAM SERIES,FIVE GRIPPING THRILLERS IN ONE MUST-READ BOX SET,James H Cobb,Kindle,1
The Ultimate Camping Guide and Camping Tips - 3rd Edition G. A.,,Iron Cloud,Kindle,1
The Ultralight Backpacker,The Complete Guide to Simplicity and Comfort on the Trail,Ryel Kestenbaum,Physical,1
The Unfair Advantage,BUSINESS BOOK OF THE YEAR AWARD-WINNER: How You Already Have What It Takes to S...,Ash Ali,"Kindle, Audible",2
The Unreal and the Real Volume 2,Selected Stories of Ursula K. Le Guin: Outer Space & Inner Lands,Ursula K. Le Guin,Physical,1
The Urban Survival Tin (Survivor Series Book 2),,Anson Bond,Kindle,1
The US Armed Forces survival manual,,John (Ed) Boswell,Physical,1
The Vets (Stephen Leather Novels Book 5),,Stephen Leather,Kindle,1
"The Visitor (Jack Reacher, Book 4)",,Lee Child,Kindle,1
The Walker's Guide to Outdoor Clues and Signs,Their Meaning and the Art of Making Predictions and Deductions,Tristan Gooley,Physical,1
The Wandering Earth,,Cixin Liu,Kindle,1
The War of the World,History's Age of Hatred,Niall Ferguson,Physical,1
The Warehouse,"A brilliantly imagined, thought-provoking and exciting Orwellian thriller",Rob Hart,Kindle,1
"The Warning (A Sarah Roberts Thriller, Book 2)",,Jonas Saul,Kindle,1
The Warrior,A Covert-Ops Suspense Action Novel (Warriors Series of Crime Action Thrillers Book 1),Ty Patterson,Kindle,1
The Wasp Factory,,Iain Banks,Physical,1
The Watcher (Bigler County Romantic Thrillers Book 1),,Jo Robertson,Kindle,1
The Way of Men,,Jack Donovan,Physical,1
The Way of the Superior Man,"A Spiritual Guide to Mastering the Challenges of Women, Work, and Sexual Desire (...",David Deida,"Kindle, Audible",2
The Way Things Work,,David Macaulay,Physical,1
The Way We Work,,David Macaulay,Physical,1
The Wealth Money Can't Buy,The 8 Hidden Habits to Live Your Richest Life,Robin Sharma,"Kindle, Audible",2
The White Knight,(Ben Hope Book 28),Scott Mariani,Kindle,1
The Wicked King (A Novel of Elfhame),Where TikTok's Faerie Obsession Began (The Folk of the Air Book 2),Holly Black,Kindle,1
The Wim Hof Method,"Activate Your Potential, Transcend Your Limits",Wim Hof,"Physical, Audible",2
The Wind Guardian,A Thriller Frank scozzari,,Kindle,1
The Wind-Up Bird Chronicle,,Haruki Murakami,Kindle,1
The Windup Girl,,Paolo Bacigalupi,"Kindle, Audible",2
The Year of the Locust,The Sunday Times bestselling novel from the author of I AM PILGRIM,Terry Hayes,Kindle,1
The Year of You,365 Journal Writing Prompts for Creative Self-Discovery,Hannah Braime,Kindle,1
The Zahir,A Novel of Obsession,Paulo Coelho,Physical,1
There's a War Going On But No One Can See It,'A brilliant page-turner' RUTGER BREGMAN,Huib Modderkolk,"Kindle, Audible",2
Thief on the Cross,Templar Secrets in America (Templars in America Series Book 2),David S. Brody,Kindle,1
Thin Air,From the author of Netflix's Altered Carbon (Gollancz Sf),Richard Morgan,Kindle,1
Thing Explainer,Complicated Stuff in Simple Words,Randall Munroe,Physical,1
Things That Matter,Overcoming Distraction to Pursue a More Meaningful Life,Joshua Becker,Kindle,1
Think & Grow Rich,,Napolean Hill,Audible,1
Think Like a Monk,The secret of how to harness the power of positivity and be happy now,Jay Shetty,Kindle,1
Think Small,The Surprisingly Simple Ways to Reach Big Goals,Owain Service,Kindle,1
Thirteen,Previously published as BLACK MAN (GOLLANCZ S.F.),Richard Morgan,Kindle,1
"Thirteen, Fourteen... Little Boy Unseen",A heart-breaking mystery thriller (Rebekka Franck Book 7),Willow Rose,Kindle,1
This Book Could Save Your Life,The Science of Living Longer Better New,Scientist,Kindle,1
This Book Will Make You Happy,,Jessamy Hibberd,Physical,1
This Inevitable Ruin,Dungeon Crawler Carl Book 7,Matt Dinniman,"Kindle, Audible",2
This is Marketing,You Can't Be Seen Until You Learn To See,Seth Godin,Kindle,1
This is What Happened,,Mick Herron,Kindle,1
Three Assassins,A propulsive new thriller from the bestselling author of BULLET TRAIN,Kotaro Isaka,Kindle,1
"Three Peaks, Ten Tors",And Other Challenge Walks in the UK: And other challenging walks in the UK,Ronald Turnbull,Physical,1
Tiamat's Wrath,Book 8 of the Expanse,James S.A. Corey,Kindle,1
Tiger's Claw (Patrick McLanahan Book 18),,Dale Brown,Kindle,1
Time and Time Again,,Ben Elton,Kindle,1
"Time Tourist Outfitters, Ltd.",A Historical Time Travel Adventure (Toronto Time Agents),C. N. Jackson,Kindle,1
Time Wise,,Amantha Imber,Kindle,1
Tin Men,,Christopher Golden,Kindle,1
Tinplate (Peter Marklin Book 1),,Neville Steed,Kindle,1
Tiny Habits,The Small Changes That Change Everything,BJ Fogg,Kindle,1
Titans of War,,Wilbur Smith,Kindle,1
To Kill For (The McKays Book 1),,A.J. Carella,Kindle,1
To Sell Is Human,"The Surprising Truth About Persuading, Convincing, and Influencing Others",Daniel H. Pink,Audible,1
To The Survivors Philip,,G Henley,Kindle,1
Toe Popper,,Jonny Tangerine,Kindle,1
Too Close For Comfort (Knight & Culverhouse Book 1),,Adam Croft,Kindle,1
TOOLS OF TITANS,,T. Ferriss,Physical,1
Total Victim Theory,,Ian Ballard,Kindle,1
Tracks,"A Kidnapping Investigation, Action Crime Thriller Novel (A Mystery and Espionage Thriller Book 2)",Niv Kaplan,Kindle,1
TRAMPFACE,Hitchhike: Thumb & Thumber,L.G. West,Kindle,1
TRAMPFACE,Homeless ... By Choice,L.G. West,Kindle,1
TRAMPFACE CALAIS,Undercover in the Jungle,L.G. West,Kindle,1
Transfer Of Power,(The Mitch Rapp Series),Vince Flynn,Kindle,1
Transterence,,B.I. Keaton,Kindle,1
Treasure Island (Andre Deutsch Classics),,Robert Louis Stevenson,Physical,1
Tree Houses You Can Actually Build,A Weekend Project Book,Jeanie Trusty Stiles,Physical,1
Trekking the Hadrian's Wall Path,Two-Way Trekking Guide: Real OS 1:25k Maps Inside (The Great Treks of England),Andrew McCluggage,Physical,1
Trial By Fire (The Daedalus Quartet Book 1) Richard,,Townshend Bickers,Kindle,1
Tribe of Mentors,Short Life Advice from the Best in the World,Timothy Ferriss,"Physical, Kindle",2
Tribe of Mentors,Short Life Advice from the Best in the World,Tim Ferriss,Audible,1
Tribes,We Need You to Lead Us,Seth Godin,Physical,1
Trigger Finger Jackson,,Spencer Bell,Kindle,1
Triggers,Revenge Is Worth Waiting For (Stephen Leather Novels Book 17),Stephen Leather,Kindle,1
Triple Cross,"The unputdownable, race-against-time thriller from the Sunday Times bestselling author of Secret Service",Tom Bradby,Kindle,1
"Tripwire (Jack Reacher, Book 3)",,Lee Child,Kindle,1
Trojan Horse,,Mark Russinovich,Kindle,1
Trouble on Paradise,an ExForce novella (Expeditionary Force),Craig Alanson,"Kindle, Audible",2
Troy,Our Greatest Story Retold (Stephen Fry's Greek Myths Book 3),Stephen Fry,Kindle,1
True Colours,The 10th Spider Shepherd Thriller (The Spider Shepherd Thrillers),Stephen Leather,Kindle,1
True Conviction,a high octane assassination thriller (Adrian Hell Series Book 1),James P. Sumner,Kindle,1
Trust Agents,"Using the Web to Build Influence, Improve Reputation, and Earn Trust",Chris Brogan,Physical,1
Tuesdays With Morrie,"An old man, a young man, and life's greatest lesson",Mitch Albom,"Physical, Kindle",2
Turn Left at Istanbul,"ESCAPING SHIRLEY - The ultimate, mad, sixties road trip",Richard Savin,Kindle,1
"Twenty-Eight and a Half Wishes (Rose Gardner Mystery, Book 1) Denise",,Grover Swank,Kindle,1
Typhoon,A gripping historical fiction spy thriller,Charles Cumming,Kindle,1
U is for Undertow (Kinsey Millhone Alphabet series Book 21),,Sue Grafton,Kindle,1
UK Eyes Alpha,Inside Story of British Intelligence,Mark Urban,Physical,1
Ultima (Proxima Book 2),,Stephen Baxter,Kindle,1
Ultimate Bodypedia,An Amazing Inside-Out Tour of the Human Body,Christina Wilsdon,Physical,1
Ultralearning,"Accelerate Your Career, Master Hard Skills and Outsmart the Competition",Scott Round,Kindle,1
Ultramarathon Man,Confessions of an All-Night Runner,Dean Karnazes,Physical,1
Unbound,A Post-Apocalyptic Survival Thriller Series (Dawn of Deception Book 1),A. R. Shaw,Kindle,1
Uncommon Stock,Version 1.0 (The Uncommon Series Book 1),Eliot Peper,Kindle,1
Under the Amoral Bridge,A Cyberpunk Novel (The Bridge Chronicles Book 1),Gary A. Ballard,Kindle,1
Undercover War,Britain's Special Forces and their secret battle against the IRA,Harry McCallion,Physical,1
Understanding Human Nature Adler alfred,,,Kindle,1
Unf*ck Yourself,Get out of your head and into your life Gary John Bishop,,"Kindle, Audible",2
Unforeseen (Thomas Prescott Book 1),,Nick Pirog,Kindle,1
Unlimited Power,The New Science of Personal Achievement,Tony Robbins,Kindle,1
Unrelenting,A Powerful Sweeping Family Saga (Love and Resistance in WW2 Germany Book 1),Marion Kummerow,Kindle,1
"Unstoppable Us, Volume 1",(How Humans Took Over the World),Yuval Noah Harari,Kindle,1
Upgrade,"An Immersive, Mind-Bending Thriller From The Author of Dark Matter",Blake Crouch,Kindle,1
Upheaval,How Nations Cope with Crisis and Change,Jared Diamond,Kindle,1
Use Of Weapons (Culture series Book 3) lain,,M. Banks,Kindle,1
Utility of Force,The Art Of War In The Modern World,Rupert Smith,Physical,1
Utopia for Realists,And How We Can Get There,Rutger Bregman,"Kindle, Audible",2
V is for Vengeance (Kinsey Millhone Alphabet series Book 22),,Sue Grafton!,Kindle,1
Vagabonding,An Uncommon Guide to the Art of Long-Term World Travel,Rolf Potts,Physical,1
Valley of Death,"The gripping Ben Hope adventure (Ben Hope, Book 19)",Scott Mariani,Kindle,1
Vanishing Point (The Time Bubble Series Book 6),,Jason Ayres,Kindle,1
Vanquish (The Alexander King Prequels Book 2),,Bradley Wright,Kindle,1
Vaughn Bode's Erotica,1,Vaughn Bodé,Physical,1
VEKTOR,A Black Flagged Thriller (The Black Flagged Series Book 4),Steven Konkolv,Kindle,1
VINDICTA,A Black Flagged Thriller (The Black Flagged Series Book 6),Steven Konkoly,Kindle,1
Vintage Patterns,Creative Colouring For Grown-ups,Various Authors,Physical,1
Virtualization For Dummies,,Bernard Golden,Physical,1
Vizsla,The Complete Owners Guide,Margaret Davis,Physical,1
Vol 2 - Your Duality Within,A Study of Your Two Distinct & Opposing Internal Voices (Stoicism for a Better Life),Anderson Silver,Physical,1
Vol 3 - Your Dichotomy of Control,Learn to Control Your World for a Happy Anxiety-Free Life (Stoicism for a Better Life),Anderson Silver,Physical,1
Vortex Larry Bond.,,Patrick Larkin,Kindle,1
Voyages of the Seventh Carrier,Books 1 - 3 (The Voyages),Peter Albano,Kindle,1
W is for Wasted (Kinsey Millhone Alphabet series Book 23),,Sue Gratton,Kindle,1
Waking the Giant,The inside story of Unai Emery's Europa League winning Aston Villa,Gregg Evans,Kindle,1
Wall and Piece,,Banksy,Physical,1
"Wanted (A Private Investigator Series of Crime and Suspense Thrillers, Book 1)",,Nick Stephenson,Kindle,1
War Nerd,,Gary Brecher,Physical,1
War of the Worlds,,,Physical,1
WAR REPORTING FOR COWARDS,,Chris Ayres,Physical,1
War With Russia,An urgent warning from senior military command: The chillingly accurate political thriller of a R... General Sir,Richard Shirreff,Kindle,1
Warchild,Pawn | A Post Apocalyptic Adventure (The Warchild Series Book 1),Ernie Lindsey,Kindle,1
Warlock,The Egyptian Series 3 (Egypt Series),Wilbur Smith,Kindle,1
Warning Order,A Spider Shepherd short story (Dan Shepherd series Book 6),Stephen Leather,Kindle,1
Wasting Police Time,,David (Pc) Copperfield,Physical,1
Watching The Bodies,,Graham Smith,Kindle,1
Ways of Knowing,Praxis Volume 4,Tiago Forte,Kindle,1
We Are Bellingcat,An Intelligence Agency for the People,Eliot Higgins,"Kindle, Audible",2
We Are Legion (We Are Bob),"Bobiverse, Book 1",Dennis E. Taylor,Audible,1
We Are Legion (We Are Bob) (Bobiverse Book 1),,Dennis Taylor,Kindle,1
We Need to Tax Billionaires,&#34;The most important economist in the world today&#34;,Gabriel Zucman,"Kindle, Audible",2
We Were Warriors,A Powerful and Moving Story of Courage Under Fire,Johnny Mercer,Kindle,1
Weddings Can Be Murder,,Christie Craig,Kindle,1
Weighted Steps,(How Rucking Builds Stronger Bodies and Calmer Minds),Andrew Brandt,Kindle,1
What Every Body Is Saying,An Ex-FBI Agent's Guide to Speed-Reading People,Joe Navarro,Physical,1
What Happened at the Lake (Serial Killer Thrillers),,Phil M. Williams,Kindle,1
What I Talk About When I Talk About Running,,Haruki Murakami,"Physical, Audible",2
What Technology Wants,,Kevin Kelly,Physical,1
What the Most Successful People Do at Work,,Laura Vanderkam,Kindle,1
What the Most Successful People Do Before Breakfast,A Short Guide to Making Over Your Mornings - and Life,Laura Vanderkan,Kindle,1
What the Most Successful People Do on the Weekend,,Laura Vanderkar,Kindle,1
What They Don't Teach You About Money,Seven Habits to Unlock Financial Independence,Claer Barrett,Kindle,1
What They Dont Teach You At Harvard Busi,,Mark McCormack,Physical,1
When All Hell Breaks Loose,Stuff You Need to Survive When Disaster Strikes,Cody Lundin,Kindle,1
When Danger Calls,"A Covert Ops Romantic Suspense (Blackthorne, Inc Book 1)",Terry Odell,Kindle,1
When Eaqles Burn (Maddox Book 1),,Jack Hayes,Kindle,1
When I Die I'm Going to Heaven 'Cause I've Spent My Time in Hell,A Memoir of My Year As an Army Nurse in Viet...,Barbara Kautz,Kindle,1
When Justice Calls,A fast-paced action thriller (A Henry Biggston Thriller Book 1),Mac Worden,Kindle,1
When Justice Calls,A fast-paced action thriller (A Henry Biggston Thriller Book 1),Mac Worder,Kindle,1
When the Man Comes Around,A Gripping Crime Thriller (Lawson Raines Book 1),Bradley Wright,Kindle,1
Where's Wally? The Fantastic Journey,,Martin Handford,Physical,1
Whirlwind,,James Clavell,Physical,1
Whitaker's 2015,,Whitaker's,Physical,1
Whitaker's 2016,,Whitaker's,Physical,1
Whitaker's 2017,,Ruth Northey,Physical,1
Whitaker's Almanack 2010 2010,,A; C Black Publishers Ltd,Physical,1
Whitaker's Almanack 2011,,Jane Russell,Physical,1
Whitaker's Almanack 2012,,Whitaker's,Physical,1
Whitaker's Almanack 2013,,Whitaker's,Physical,1
Whitaker's Almanack 2014,,Whitaker's,Physical,1
White Gold,An action-packed spy thriller (Dan Taylor Book 1),Rachel Amphlett,Kindle,1
White Hell (Tanner Novels Book 17),,Remington Kane,Kindle,1
White Lies,The 11th Spider Shepherd Thriller (The Spider Shepherd Thrillers),Stephen Leather,Kindle,1
Who Do You Think You Are?,A leader's guide to what the mirror doesn't show you,Adam Quiney,"Physical, Kindle",2
Why Has Nobody Told Me This Before?,The No 1 Sunday Times bestseller,Dr Julie Smith,Physical,1
Why Running Matters,"Lessons in Life, Pain and Exhilaration - From 5K to the Marathon lan",Mortimer,"Kindle, Audible",2
Why We Die,Zoe Boehm Thriller 3,Mick Herron,Kindle,1
Wide Awake,(Devin Gray Book 3),Steven Konkoly,Kindle,1
Wikinomics,,tapscott-don-williams-anthony,Physical,1
Wikipedia,The Missing Manual,John Broughton,Physical,1
Wild Running,150 Great Adventures on the Trails and Fells of Britain,Jen Benson,Physical,1
Will,The Sunday Times Bestselling Autobiography,Will Smith,Physical,1
Winning the Week,"How To Plan A Successful Week, Every Week",Demir Bentley,Kindle,1
Winning the Week,"How to Plan a Successful Week, Every Week",Carey Bentley; Demir Bentley,Audible,1
Winter's Rage,A Byron Tibor Thriller,Sean Black,Kindle,1
WIRED,,Douglas E. Richards,Kindle,1
Wired Rogue,Vigilante Justice Thriller Series (Paradise Crime Thrillers Book 2),Toby Neal,Kindle,1
Wisdom Takes Work,Learn. Apply. Repeat.,Ryan Holiday,"Kindle, Audible",2
"Without Fail (Jack Reacher, Book 6)",,Lee Child,Kindle,1
Without Remorse,The No.1 bestseller that was made into a major blockbuster (John Clark),Tom Clancy,Kindle,1
Woken Furies,Netflix Altered Carbon book 3 (Takeshi Kovacs),Richard Morgan,Kindle,1
Woodcraft and Camping George,,Washington Sears,Kindle,1
Wool,Book 1 of Silo (Wool Trilogy Series),Hugh Howey,"Kindle, Audible",2
World Snowboard Guide,,Tony Brown,Physical,1
World War Z,An Oral History of the Zombie War,Max Brooks,Physical,1
Worldchanging,A User's Guide for the 21st Century,Alex Steffen,Physical,1
Worm,The First Digital World War,Mark Bowden,Physical,1
Worth Dying For,The Power and Politics of Flags,Tim Marshall,Kindle,1
"Worth Dying For (Jack Reacher, Book 15)",,Lee Child,Kindle,1
Wrath (The Nash Harrington Crime Thriller Series Book 1),,E.H. Reinhard,Kindle,1
"Write It Down, Make It Happen",Knowing What You Want And Getting It,Henriette Anne Klauser,Physical,1
Writing to Be Understood,What Works and Why,Anne vanzer,Kindle,1
Writing to Be Understood,What Works and Why,Anne Janzer,Audible,1
Writing Tools (10th Anniversary Edition),55 Essential Strategies for Every Writer,Roy Peter Clark,Physical,1
"Wrong Place, Wrong Time",(DS James Ripley Book 1),P.S. Brown,Kindle,1
Yes To Life In Spite of Everything,,Viktor E Frankl,Physical,1
You Are Dead. (Sign Here Please),,Andrew Stanek,Kindle,1
You Are Not a Gadget,A Manifesto,Jaron Lanier,Physical,1
You Have Arrived at Your Destination (Forward collection),(forward Collection) AMAZON ONLY,Amor Towles,Kindle,1
You're Not Listening,What You're Missing and Why It Matters,Kate Murphy,"Kindle, Audible",2
You're Too Good to Feel This Bad,An Orthodox Approach to Living an Unorthodox Life,Nate Dallas,Physical,1
Your Dichotomy of Control,Learn to Control Your World for a Happy Anxiety-Free Life : VOLUME 3 (Stoicism for a Better Life),Anderson Silver,"Kindle, Audible",2
Your Duality Within,A Study of Your Two Distinct & Opposing Internal Voices : VOLUME 2 (Stoicism for a Better Life),Anderson Silver,"Kindle, Audible",2
Your Money or Your Life,9 Steps to Transforming Your Relationship with Money and Achieving Financial Independence: Fully Revised and Updated for 2018,Vicki Robin,"Physical, Audible",2
Your User's Manual,A Guide for Purpose and an Anxiety Free Life in the 21st Century (Stoicism for a Better Life),Anderson Silver,"Physical, Kindle, Audible",3
Zen and the Art of Motorcycle Maintenance,,Robert Pirsig,Physical,1
Zero Day,,Mark Russinovich,Kindle,1
Zero Day Code,(A novel of the End of Days: a cyberwar apocalypse),John Birmingham,Kindle,1
Zero Hour,(Nick Stone Thriller 13),Andy McNab,Kindle,1
Zero to One,"Notes on Start Ups, or How to Build the Future Blake Masters,",Peter Thiel,Kindle,1
Zoe's Tale (Old Man's War Book 4),,John Scalzi,Kindle,1
